,Name,Status,USD Raised,End of ICO,Token Sale Price,Current price,Return(x),Rating
https://www.icodata.io/coin/hdac,Hdac,Completed,"$258,000,000.00",22.12.2017,$0.81,$0,0.000,0
https://www.icodata.io/coin/tezos,Tezos (Pre-Launch),Completed,"$230,498,884.00",14.07.2017,$0,$5.32472,0.000,0
https://www.icodata.io/coin/filecoin,Filecoin,Completed,"$205,800,000.00",07.09.2017,$0,$0,0.000,0
https://www.icodata.io/coin/sirin-labs,Sirin Labs,Completed,"$157,885,825.00",26.12.2017,$1.53,$0,0.000,0
https://www.icodata.io/coin/the-bancor-protocol,Bancor,Completed,"$153,000,000.00",12.06.2017,$3.856624,$9.67028,2.507,0
https://www.icodata.io/coin/polkadot,Polkadot,Completed,"$144,434,715.00",28.10.2017,$32.41878,$0,0.000,0
https://www.icodata.io/coin/status,Status,Completed,"$107,664,907.00",20.06.2017,$0.0359,$0.423977,11.810,0
https://www.icodata.io/coin/comsa,Comsa,Completed,"$95,372,124.00",06.11.2017,$1,$0,0.000,0
https://www.icodata.io/coin/qash,QASH,Completed,"$86,539,600.00",08.11.2017,$0.247256,$2.37612,9.610,0
https://www.icodata.io/coin/tenx,TenX,Completed,"$83,110,818.00",24.06.2017,$0.804952,$3.86983,4.808,0
https://www.icodata.io/coin/tron,TRON,Completed,"$68,681,550.00",02.09.2017,$0.00174,$0.086308,49.604,0
https://www.icodata.io/coin/wax,WAX,Completed,"$68,403,200.00",29.11.2017,$2.851558,$0,0.000,0
https://www.icodata.io/coin/bankex,BankEx,Completed,"$66,600,000.00",27.12.2017,$1.57,$0,0.000,0
https://www.icodata.io/coin/domraider,DomRaider,Completed,"$65,771,440.00",09.10.2017,$0.117,$0.100265,0.857,0
https://www.icodata.io/coin/gridplus,Grid+,Completed,"$61,226,790.00",12.11.2017,$1.139267,$2.76421,2.426,0
https://www.icodata.io/coin/nebulas,Nebulas Pre-Sale,Completed,"$60,000,000.00",16.12.2017,$2,$0,0.000,0
https://www.icodata.io/coin/salt,SALT,Completed,"$54,550,041.00",22.08.2017,$0,$11.0614,0.000,0
https://www.icodata.io/coin/mobilego,MobileGo,Completed,"$53,069,235.00",25.05.2017,$0.758132,$1.13391,1.496,0
https://www.icodata.io/coin/neuromation,Neuromation,Completed,"$51,834,992.00",07.01.2018,$1.1153,$0,0.000,0
https://www.icodata.io/coin/crypterium,Crypterium,Completed,"$51,656,963.00",06.01.2018,$2.07,$0,0.000,0
https://www.icodata.io/coin/swissborg,SwissBorg,Completed,"$50,889,500.00",09.01.2018,$0,$0,0.000,0
https://www.icodata.io/coin/blockstack,Blockstack,Completed,"$50,000,000.00",01.12.2017,$0.12,$0,0.000,0
https://www.icodata.io/coin/kin,Kin,Completed,"$48,594,816.00",25.09.2017,$0.000126,$0.000677,5.383,0
https://www.icodata.io/coin/naga-group,Naga,Completed,"$47,168,334.00",15.12.2017,$1,$0,0.000,0
https://www.icodata.io/coin/zen-protocol,Zen Protocol,Completed,"$46,790,688.00",24.12.2017,$3.899224,$0,0.000,0
https://www.icodata.io/coin/kyber-network,Kyber Network,Completed,"$46,000,000.00",16.09.2017,$0.357287,$4.14332,11.597,0
https://www.icodata.io/coin/ins-ecosystem,INS Ecosystem,Completed,"$45,600,000.00",25.12.2017,$2.5308,$0,0.000,72
https://www.icodata.io/coin/enigma-catalyst,Enigma,Completed,"$45,000,000.00",11.09.2017,$0.58906,$6.12432,10.397,0
https://www.icodata.io/coin/centra,Centra,Completed,"$43,514,317.00",25.09.2017,$0.73,$2.6063,3.570,0
https://www.icodata.io/coin/icon,ICON,Completed,"$42,750,000.00",20.09.2017,$0.113496,$10.1392,89.335,0
https://www.icodata.io/coin/finom,Finom,Completed,"$41,285,459.00",30.12.2017,$2,$0,0.000,0
https://www.icodata.io/coin/electroneum,Electroneum,Completed,"$40,000,000.00",23.10.2017,$0.01,$0.159973,15.997,0
https://www.icodata.io/coin/crypto20,Crypto20,Completed,"$38,222,081.00",30.11.2017,$1,$0,0.000,0
https://www.icodata.io/coin/ripio,Ripio Credit Network,Completed,"$37,863,045.00",05.11.2017,$0.074065,$0.404631,5.463,0
https://www.icodata.io/coin/indahash,indaHash,Completed,"$42,348,966.00",20.12.2017,$0.212963,$0,0.000,0
https://www.icodata.io/coin/monetha,Monetha,Completed,"$36,388,800.00",31.08.2017,$0.180859,$0.413675,2.287,0
https://www.icodata.io/coin/basic-attention-token,Basic Attention Token,Completed,"$36,000,000.00",31.05.2017,$0.036,$0.66866,18.574,0
https://www.icodata.io/coin/SingularityNET,SingularityNET,Completed,"$36,000,000.00",22.12.2017,$0.1,$0,0.000,0
https://www.icodata.io/coin/wanchain,Wanchain,Completed,"$36,000,000.00",04.10.2017,$0.321926,$0,0.000,0
https://www.icodata.io/coin/sonm,SONM,Completed,"$35,000,000.00",18.06.2017,$0.105625,$0.507254,4.802,0
https://www.icodata.io/coin/enjin-coin,Enjin Coin,Completed,"$34,953,541.00",01.11.2017,$0.061176,$0.323286,5.285,0
https://www.icodata.io/coin/tokenpay,TokenPay,Completed,"$34,192,482.00",26.12.2017,$5.46,$0,0.000,0
https://www.icodata.io/coin/ether-party,Etherparty,Completed,"$33,732,274.00",29.10.2017,$0.1,$0.282244,2.822,0
https://www.icodata.io/coin/raiden-network,Raiden Network Token,Completed,"$33,407,260.00",01.11.2017,$0.638801,$6.20915,9.720,0
https://www.icodata.io/coin/stox,Stox,Completed,"$33,350,320.00",03.08.2017,$1.1267,$1.19395,1.060,0
https://www.icodata.io/coin/request-network,Request Network,Completed,"$33,338,000.00",16.10.2017,$0.066676,$0.737652,11.063,0
https://www.icodata.io/coin/bloom,Bloom,Completed,"$43,767,115.00",01.01.2018,$1.16,$0,0.000,0
https://www.icodata.io/coin/civic,Civic,Completed,"$33,000,000.00",22.06.2017,$0.1,$1.02472,10.247,0
https://www.icodata.io/coin/united-traders,United Traders,Completed,"$32,933,687.00",25.12.2017,$0.95728,$0,0.000,0
https://www.icodata.io/coin/airswap,AirSwap,Completed,"$32,600,000.00",11.10.2017,$0.30346,$1.53098,5.045,0
https://www.icodata.io/coin/unikoingold,Unikoin Gold,Completed,"$32,345,171.00",23.10.2017,$0.34434,$1.12566,3.269,68
https://www.icodata.io/coin/noku,NOKU,Completed,"$32,332,500.00",20.12.2017,$0,$0,0.000,0
https://www.icodata.io/coin/ambrosus,Ambrosus,Completed,"$32,229,228.00",22.10.2017,$0.29545,$0.951278,3.220,63
https://www.icodata.io/coin/cybermiles,CyberMiles,Completed,"$32,030,393.00",22.11.2017,$0.053291,$0,0.000,0
https://www.icodata.io/coin/chainlink,ChainLink,Completed,"$32,000,000.00",19.09.2017,$0.091429,$1.03015,11.267,0
https://www.icodata.io/coin/polybius,Polybius,Completed,"$31,645,088.00",05.07.2017,$8.66865,$7.80747,0.901,0
https://www.icodata.io/coin/quantstamp,Quantstamp,Completed,"$31,300,000.00",19.11.2017,$0.070878,$0.493482,6.962,0
https://www.icodata.io/coin/trade.io,Trade Token,Completed,"$31,169,749.00",04.01.2018,$1.60833,$1.41489,0.880,79
https://www.icodata.io/coin/blackmoon-crypto,Blackmoon Crypto,Completed,"$30,000,000.00",13.09.2017,$1,$1.42713,1.427,0
https://www.icodata.io/coin/storj,Storj,Completed,"$30,000,000.00",26.05.2017,$0.5,$1.97995,3.960,0
https://www.icodata.io/coin/universa,Universa,Completed,"$28,724,497.00",09.12.2017,$0.01,$0,0.000,0
https://www.icodata.io/coin/eidoo,Eidoo,Completed,"$27,461,287.00",16.10.2017,$2.567026,$5.53284,2.155,0
https://www.icodata.io/coin/change,Change,Completed,"$27,108,330.00",16.10.2017,$0.66676,$0.863087,1.294,0
https://www.icodata.io/coin/streamr,Streamr DATAcoin,Completed,"$27,000,000.00",13.10.2017,$0.0636,$0.238606,3.752,0
https://www.icodata.io/coin/monaco,Monaco,Completed,"$26,954,906.00",18.06.2017,$2.844425,$17.0306,5.987,0
https://www.icodata.io/coin/power-ledger,Power Ledger,Completed,"$26,518,446.00",06.10.2017,$0.0838,$1.36393,16.276,0
https://www.icodata.io/coin/everex,Everex,Completed,"$26,383,026.00",31.08.2017,$2.135207,$4.68399,2.194,0
https://www.icodata.io/coin/worldcore,Worldcore,Completed,"$26,283,200.00",15.12.2017,$0,$0,0.000,0
https://www.icodata.io/coin/funfair,FunFair,Completed,"$26,000,000.00",22.06.2017,$0.007114,$0.125248,17.605,0
https://www.icodata.io/coin/paypie,PayPie,Completed,"$26,000,000.00",08.10.2017,$0.339471,$3.06126,9.018,0
https://www.icodata.io/coin/bitclave,Catcoin,Completed,"$25,500,000.00",29.11.2017,$0.1,$0.108938,1.089,0
https://www.icodata.io/coin/aragon,Aragon,Completed,"$25,000,000.00",17.05.2017,$0.743933,$5.64627,7.590,0
https://www.icodata.io/coin/omise-go,OmiseGO,Completed,"$25,000,000.00",25.06.2017,$0.326,$23.2989,71.469,0
https://www.icodata.io/coin/props,Props Pre-sale,Completed,"$25,000,000.00",22.12.2017,$0.13,$0,0.000,0
https://www.icodata.io/coin/tierion,Tierion,Completed,"$25,000,000.00",09.08.2017,$0.071,$0.236379,3.329,0
https://www.icodata.io/coin/telcoin,Telcoin,Completed,"$25,000,000.00",31.12.2017,$0.001,$0,0.000,0
https://www.icodata.io/coin/aeternity-phase-2,Aeternity,Completed,"$24,990,653.00",09.06.2017,$0.283535,$2.14141,7.553,0
https://www.icodata.io/coin/decentraland,Decentraland,Completed,"$24,173,000.00",17.08.2017,$0.03,$0.153393,5.113,0
https://www.icodata.io/coin/0x,0x,Completed,"$24,000,000.00",16.08.2017,$0.048,$2.06368,42.993,0
https://www.icodata.io/coin/bitdegree,BitDegree,Completed,"$22,110,600.00",28.12.2017,$0.073702,$0,0.000,0
https://www.icodata.io/coin/sophiatx,SophiaTX,Completed,"$22,018,607.00",17.12.2017,$0.45,$0,0.000,0
https://www.icodata.io/coin/pillar,Pillar,Completed,"$21,986,902.00",17.07.2017,$0.09671,$1.16827,12.080,0
https://www.icodata.io/coin/blockv,BLOCKv,Completed,"$21,904,932.00",24.10.2017,$0,$0,0.000,0
https://www.icodata.io/coin/selfkey,Selfkey,Completed,"$21,780,000.00",14.01.2018,$0.015,$0,0.000,0
https://www.icodata.io/coin/simple-token,Simple Token,Completed,"$21,728,192.00",01.12.2017,$0.130631,$0,0.000,0
https://www.icodata.io/coin/ignis,Ignis,Completed,"$21,600,000.00",04.11.2017,$0.0391,$0,0.000,0
https://www.icodata.io/coin/kickico,KickCoin,Completed,"$21,582,000.00",16.09.2017,$0.073956,$0.10923,1.477,0
https://www.icodata.io/coin/bitair,BitAir,Completed,"$21,509,800.00",16.11.2017,$0,$0,0.000,0
https://www.icodata.io/coin/finshi-capital,Finshi Capital,Completed,"$21,420,274.00",06.10.2017,$1,$0,0.000,0
https://www.icodata.io/coin/medibloc,MediBloc,Completed,"$21,014,141.00",15.12.2017,$0,$0,0.000,0
https://www.icodata.io/coin/sense,Sense,Completed,"$21,000,000.00",30.11.2017,$0.1,$0,0.000,0
https://www.icodata.io/coin/presearch,Presearch,Completed,"$20,500,000.00",30.11.2017,$0.2,$0.523928,2.620,0
https://www.icodata.io/coin/giga-watt,Giga Watt Token,Completed,"$20,218,239.00",31.07.2017,$1,$1.55284,1.553,0
https://www.icodata.io/coin/lala-world,LALA World,Completed,"$20,200,000.00",13.01.2018,$0.13,$0,0.000,0
https://www.icodata.io/coin/aventus,Aventus,Completed,"$20,060,400.00",06.09.2017,$3.3434,$4.91838,1.471,0
https://www.icodata.io/coin/latoken,LAToken,Completed,"$20,000,000.00",10.10.2017,$0.419818,$1.25041,2.978,71
https://www.icodata.io/coin/theta,THETA,Completed,"$20,000,000.00",04.01.2018,$0.12,$0,0.000,0
https://www.icodata.io/coin/bread,Bread,Completed,"$20,000,000.00",16.12.2017,$0.772793,$2.12664,2.752,0
https://www.icodata.io/coin/trinity,Trinity,Completed,"$20,000,000.00",14.01.2018,$0.06,$0,0.000,0
https://www.icodata.io/coin/moeda,Moeda Loyalty Points,Completed,"$19,628,888.00",30.08.2017,$1,$3.59112,3.591,0
https://www.icodata.io/coin/utrust,UTRUST,Completed,"$19,375,000.00",20.11.2017,$0.065,$0,0.000,0
https://www.icodata.io/coin/qlink,Qlink,Completed,"$19,250,000.00",22.12.2017,$0.1,$0,0.000,0
https://www.icodata.io/coin/dmarket,DMarket,Completed,"$19,026,678.00",01.12.2017,$0.622053,$0,0.000,0
https://www.icodata.io/coin/uptoken,Uptoken,Completed,"$18,934,021.00",15.12.2017,$0.1,$0,0.000,0
https://www.icodata.io/coin/covesting,Covesting,Completed,"$18,800,000.00",31.12.2017,$1.44,$0,0.000,0
https://www.icodata.io/coin/hoqu,HOQU,Completed,"$18,782,400.00",11.01.2018,$0.22,$0,0.000,0
https://www.icodata.io/coin/open-anx,OAX,Completed,"$18,756,937.00",04.07.2017,$0.75,$0.668116,0.891,0
https://www.icodata.io/coin/rivetz,Rivetz,Completed,"$18,653,920.00",10.09.2017,$0.88,$2.00266,2.276,0
https://www.icodata.io/coin/cryptopay,Cryptopay,Completed,"$18,148,220.00",30.10.2017,$0.31,$0,0.000,0
https://www.icodata.io/coin/uquid,UQUID,Completed,"$17,798,251.00",10.11.2017,$0,$0,0.000,0
https://www.icodata.io/coin/ethlend,ETHLend,Completed,"$17,411,336.00",30.11.2017,$0.017884,$0.229067,12.808,0
https://www.icodata.io/coin/cosmos,Cosmos,Completed,"$17,000,000.00",06.04.2017,$0,$0,0.000,0
https://www.icodata.io/coin/stk,STK,Completed,"$17,000,000.00",29.12.2017,$0.1,$0,0.000,0
https://www.icodata.io/coin/spectre,Spectre,Completed,"$16,610,159.00",10.12.2017,$0.22086,$0,0.000,0
https://www.icodata.io/coin/waves,Waves,Completed,"$16,010,008.00",31.05.2016,$0.188353,$10.9383,58.073,0
https://www.icodata.io/coin/Smart-Mesh,SmartMesh,Completed,"$15,691,200.00",04.12.2017,$0.0167,$0.121685,7.287,0
https://www.icodata.io/coin/decent-bet,DECENT Bet,Completed,"$15,688,980.00",21.10.2017,$0,$0,0.000,0
https://www.icodata.io/coin/qtum,Qtum,Completed,"$15,664,829.00",16.04.2017,$0.307154,$53.4442,173.998,0
https://www.icodata.io/coin/maecenas,Maecenas,Completed,"$15,660,106.00",08.10.2017,$0,$1.53778,0.000,0
https://www.icodata.io/coin/propy,Propy,Completed,"$15,370,280.00",15.09.2017,$0,$0,0.000,0
https://www.icodata.io/coin/appcoins,AppCoins,Completed,"$15,300,000.00",20.12.2017,$0.273494,$0,0.000,0
https://www.icodata.io/coin/cfun,CFun,Completed,"$15,000,000.00",19.12.2017,$0.03,$0,0.000,0
https://www.icodata.io/coin/red-pulse,Red Pulse,Completed,"$15,000,000.00",08.10.2017,$0,$0,0.000,0
https://www.icodata.io/coin/airtoken,Airtoken,Completed,"$15,000,000.00",06.10.2017,$0,$0,0.000,0
https://www.icodata.io/coin/fortknoxster,FortKnoxster,Completed,"$15,000,000.00",12.01.2018,$0.19,$0,0.000,0
https://www.icodata.io/coin/tokens,Dynamic Trading Rights,Completed,"$15,000,000.00",26.11.2017,$0.01,$0.195841,19.584,0
https://www.icodata.io/coin/cindicator,Cindicator,Completed,"$15,000,000.00",24.09.2017,$0,$0,0.000,0
https://www.icodata.io/coin/icobox,ICOBox,Completed,"$14,945,400.00",15.09.2017,$0,$0,0.000,0
https://www.icodata.io/coin/cofoundit,Cofound.it,Completed,"$14,859,059.00",06.06.2017,$0.118873,$0.28543,2.401,0
https://www.icodata.io/coin/deepbrain-chain,Deepbrain Chain,Completed,"$19,693,574.00",15.12.2017,$0.01518,$0,0.000,0
https://www.icodata.io/coin/neufund,Neufund,Completed,"$14,790,679.00",17.12.2017,$0.36,$0,0.000,0
https://www.icodata.io/coin/nimiq,Nimiq,Completed,"$14,528,400.00",09.07.2017,$1.383657,$6.12363,4.426,0
https://www.icodata.io/coin/gatcoin,GATCOIN,Completed,"$14,500,000.00",14.01.2018,$0.0909,$0,0.000,0
https://www.icodata.io/coin/time-new-bank,Time New Bank,Completed,"$14,416,000.00",21.11.2017,$0.01802,$0,0.000,0
https://www.icodata.io/coin/leverj,Leverj,Completed,"$22,623,538.00",07.12.2017,$0.143355,$0,0.000,0
https://www.icodata.io/coin/mysterium-network,Mysterium,Completed,"$14,075,000.00",30.05.2017,$0.925987,$1.7109,1.848,0
https://www.icodata.io/coin/cashaa,Cashaa,Completed,"$14,000,000.00",06.12.2017,$0.1,$0,0.000,0
https://www.icodata.io/coin/adbank,adbank,Completed,"$14,000,000.00",21.01.2018,$0.0465,$0,0.000,0
https://www.icodata.io/coin/substratum,Substratum,Completed,"$13,800,000.00",17.09.2017,$0.050589,$1.8911,37.382,0
https://www.icodata.io/coin/micromoney,MicroMoney,Completed,"$13,681,585.00",18.11.2017,$1,$0,0.000,0
https://www.icodata.io/coin/protos,Protos,Completed,"$13,626,833.00",15.12.2017,$0,$0,0.000,0
https://www.icodata.io/coin/zilla,Zilla,Completed,"$13,500,000.00",30.12.2017,$1.4,$0,0.000,0
https://www.icodata.io/coin/dragonchain,Dragonchain,Completed,"$13,457,071.00",02.11.2017,$0,$0,0.000,0
https://www.icodata.io/coin/cobinhood,Cobinhood,Completed,"$13,078,400.00",23.10.2017,$0,$0,0.000,0
https://www.icodata.io/coin/tokencard,TokenCard,Completed,"$12,700,000.00",02.05.2017,$0.537133,$3.57315,6.652,0
https://www.icodata.io/coin/oracles-network,Oracles Network,Completed,"$12,641,032.00",17.11.2017,$0.079774,$0,0.000,0
https://www.icodata.io/coin/gladius,Gladius,Completed,"$12,500,000.00",29.12.2017,$1.2,$0,0.000,0
https://www.icodata.io/coin/gnosis,Gnosis,Completed,"$12,500,000.00",24.04.2017,$29.850033,$349.417,11.706,0
https://www.icodata.io/coin/science-blockchain,Science Blockchain,Completed,"$12,298,073.00",22.11.2017,$0,$0,0.000,0
https://www.icodata.io/coin/boscoin,Boscoin,Completed,"$12,202,996.00",20.06.2017,$0,$0,0.000,0
https://www.icodata.io/coin/lampix,Lampix,Completed,"$12,172,472.00",19.08.2017,$0.21323,$0.14654,0.687,0
https://www.icodata.io/coin/iexec,iExec RLC,Completed,"$12,158,963.00",19.04.2017,$0.202649,$3.66177,18.069,0
https://www.icodata.io/coin/adshares,Adshares,Completed,"$12,129,522.00",12.01.2018,$0.98673,$0,0.000,0
https://www.icodata.io/coin/santiment,Santiment Network Token,Completed,"$12,094,650.00",05.07.2017,$0.26877,$5.24907,19.530,0
https://www.icodata.io/coin/viberate,Viberate,Completed,"$12,000,000.00",05.09.2017,$0.1,$0.553112,5.531,0
https://www.icodata.io/coin/coinlancer,Coinlancer,Completed,"$11,860,153.00",15.12.2017,$0.25,$0,0.000,0
https://www.icodata.io/coin/adex,AdEx,Completed,"$11,799,175.00",30.06.2017,$0.252068,$2.608,10.346,0
https://www.icodata.io/coin/dao-casino,DAO.Casino,Completed,"$11,496,820.00",26.07.2017,$0.068732,$0.184812,2.689,0
https://www.icodata.io/coin/Genaro-Network,Genaro Network,Completed,"$11,362,000.00",30.11.2017,$0.147546,$0,0.000,0
https://www.icodata.io/coin/atb-coin,ATB Coin,Completed,"$11,180,996.00",12.07.2017,$0,$0,0.000,0
https://www.icodata.io/coin/real,Real,Completed,"$11,160,652.00",30.09.2017,$0,$0,0.000,0
https://www.icodata.io/coin/doc-ai,doc ai,Completed,"$11,158,215.00",14.10.2017,$0.1,$0,0.000,0
https://www.icodata.io/coin/veritaseum,Veritaseum,Completed,"$11,000,000.00",26.05.2017,$5.6441,$385.152,68.240,0
https://www.icodata.io/coin/bitbounce,Bitbounce,Completed,"$10,908,037.00",28.08.2017,$0,$0,0.000,0
https://www.icodata.io/coin/populous,Populous,Completed,"$10,842,332.00",24.06.2017,$0.301176,$48.8822,162.304,0
https://www.icodata.io/coin/ditcoin,DitCoin,Completed,"$10,840,235.00",07.12.2017,$0,$0,0.000,0
https://www.icodata.io/coin/wagerr,Wagerr,Completed,"$10,837,500.00",22.06.2017,$0.06375,$0.879969,13.803,0
https://www.icodata.io/coin/iconomi,Iconomi,Completed,"$10,682,516.00",26.09.2016,$0.125677,$3.79837,30.223,0
https://www.icodata.io/coin/playkey,Playkey,Completed,"$10,512,361.00",01.12.2017,$1.86616,$0,0.000,0
https://www.icodata.io/coin/mercury-protocol,Mercury Protocol,Completed,"$10,355,051.00",25.11.2017,$0.06567,$0.185382,2.823,0
https://www.icodata.io/coin/rialto,Rialto,Completed,"$10,002,847.00",03.07.2017,$0.133371,$0.431552,3.236,0
https://www.icodata.io/coin/blockchain-capital-fund,BCAP,Completed,"$10,000,000.00",10.04.2017,$1,$3.91486,3.915,0
https://www.icodata.io/coin/karma,Karma,Completed,"$10,000,000.00",15.12.2017,$0.01,$0,0.000,0
https://www.icodata.io/coin/adtoken,adToken,Completed,"$10,000,000.00",26.06.2017,$0.01,$0.132327,13.233,0
https://www.icodata.io/coin/pluscoin,PlusCoin,Completed,"$10,000,000.00",10.10.2017,$0,$0,0.000,55
https://www.icodata.io/coin/poet,Po.et,Completed,"$10,000,000.00",09.08.2017,$0.006366,$0.121076,19.019,0
https://www.icodata.io/coin/gifto,Gifto,Completed,"$10,000,000.00",14.12.2017,$0.097415,$0,0.000,0
https://www.icodata.io/coin/xplay,XPlay,Completed,"$10,000,000.00",30.08.2017,$0,$0,0.000,0
https://www.icodata.io/coin/district0x,district0x,Completed,"$9,789,541.00",01.08.2017,$0.016316,$0.233583,14.316,0
https://www.icodata.io/coin/bonpay,Bonpay,Completed,"$9,746,719.00",28.11.2017,$0.09458,$0,0.000,0
https://www.icodata.io/coin/revain,Revain,Completed,"$9,690,729.00",06.09.2017,$0,$0,0.000,0
https://www.icodata.io/coin/b2bx,B2BX,Completed,"$9,544,348.00",17.11.2017,$0.742865,$0,0.000,0
https://www.icodata.io/coin/indorse,Indorse Token,Completed,"$9,247,390.00",07.09.2017,$0.32943,$0.302062,0.917,0
https://www.icodata.io/coin/ties-network,Ties Network,Completed,"$9,243,927.00",26.10.2017,$0.24,$0,0.000,0
https://www.icodata.io/coin/snip,Snip,Completed,"$9,074,226.00",29.10.2017,$0.0039,$0,0.000,0
https://www.icodata.io/coin/commerceblock,CommerceBlock,Completed,"$8,820,470.00",19.12.2017,$0.0625,$0,0.000,0
https://www.icodata.io/coin/starbase,Starbase,Completed,"$8,755,000.00",24.11.2017,$0,$0,0.000,0
https://www.icodata.io/coin/bitdice,BitDice,Completed,"$8,746,735.00",14.09.2017,$0.124953,$0.341249,2.731,0
https://www.icodata.io/coin/datum,Datum,Completed,"$8,738,305.00",29.11.2017,$0.017101,$0,0.000,0
https://www.icodata.io/coin/cartaxi,Cartaxi,Completed,"$8,712,049.00",01.11.2017,$0.116676,$0,0.000,0
https://www.icodata.io/coin/golem,Golem,Completed,"$8,596,000.00",13.11.2016,$0.010483,$0.908199,86.636,0
https://www.icodata.io/coin/hive-project,Hive Project,Completed,"$8,530,867.00",14.08.2017,$0,$0,0.000,0
https://www.icodata.io/coin/canya,CanYa,Completed,"$8,401,157.00",27.12.2017,$0.76,$0,0.000,0
https://www.icodata.io/coin/1world,1World,Completed,"$8,300,000.00",16.11.2017,$1.2,$0,0.000,0
https://www.icodata.io/coin/chrono-logic,Chronologic,Completed,"$8,259,637.00",01.09.2017,$10.637078,$6.62855,0.623,0
https://www.icodata.io/coin/primalbase,Primalbase Token,Completed,"$7,912,595.00",27.06.2017,$7,$6,0.809,0
https://www.icodata.io/coin/nvo,NVO,Completed,"$7,798,042.00",27.06.2017,$0.51987,$1.40596,2.704,0
https://www.icodata.io/coin/aion,Aion,Completed,"$7,624,532.00",10.10.2017,$0,$0,0.000,0
https://www.icodata.io/coin/taas,TaaS,Completed,"$7,569,374.00",28.04.2017,$1,$10.3592,10.359,0
https://www.icodata.io/coin/coindash,Coindash,Completed,"$7,543,380.00",17.07.2017,$0,$0,0.000,0
https://www.icodata.io/coin/guts,GUTS,Completed,"$7,520,874.00",15.12.2017,$0.97,$0,0.000,0
https://www.icodata.io/coin/singulardtv,SingularDTV,Completed,"$7,500,000.00",29.10.2016,$0.015,$0.426014,28.401,0
https://www.icodata.io/coin/loci,Loci,Completed,"$7,376,751.00",31.12.2017,$0.44,$0,0.000,0
https://www.icodata.io/coin/tokenbox,Tokenbox,Completed,"$7,334,268.00",28.11.2017,$0,$0,0.000,0
https://www.icodata.io/coin/storm,Storm,Completed,"$32,230,081.00",08.12.2017,$0.016921,$0,0.000,0
https://www.icodata.io/coin/patientory,Patientory,Completed,"$7,200,000.00",03.06.2017,$0.102857,$0.619885,6.027,0
https://www.icodata.io/coin/spankchain,Spankchain,Completed,"$7,175,143.57",13.11.2017,$0,$0,0.000,0
https://www.icodata.io/coin/aditus,Aditus,Completed,"$7,100,194.00",20.12.2017,$0,$0,0.000,0
https://www.icodata.io/coin/zrcoin,ZrCoin,Completed,"$7,070,000.00",09.06.2017,$1.417148,$2.29409,1.619,0
https://www.icodata.io/coin/blockcat,BlockCAT,Completed,"$7,034,927.00",18.08.2017,$0.764653,$5.70586,7.462,0
https://www.icodata.io/coin/blocktix,Blocktix,Completed,"$6,981,328.00",25.07.2017,$0.188518,$1.54652,8.204,0
https://www.icodata.io/coin/insurex,iXledger,Completed,"$6,949,290.00",13.07.2017,$0.144789,$3.01237,20.805,0
https://www.icodata.io/coin/esports,Esports,Completed,"$6,930,540.00",30.11.2017,$1.864449,$0,0.000,0
https://www.icodata.io/coin/goldmint,Goldmint,Completed,"$6,873,711.00",11.11.2017,$0,$0,0.000,0
https://www.icodata.io/coin/aphelion,Aphelion,Completed,"$6,780,661.00",07.12.2017,$0.13,$0,0.000,0
https://www.icodata.io/coin/atlant,Atlant,Completed,"$6,693,856.00",31.10.2017,$0.6079,$0,0.000,0
https://www.icodata.io/coin/hubii-network,Hubii Network,Completed,"$6,600,460.00",08.09.2017,$0,$0,0.000,0
https://www.icodata.io/coin/lisk,Lisk,Completed,"$6,500,000.00",21.03.2016,$0.076471,$27.5072,359.709,0
https://www.icodata.io/coin/betking,BetKing,Completed,"$6,497,166.00",04.09.2017,$0,$0,0.000,0
https://www.icodata.io/coin/dovu,DOVU,Completed,"$6,411,934.00",17.10.2017,$0,$0,0.000,0
https://www.icodata.io/coin/aurora,Aurora,Completed,"$6,391,168.00",07.01.2018,$3,$0,0.000,0
https://www.icodata.io/coin/oxycoin,Oxycoin,Completed,"$6,288,571.00",01.10.2017,$0,$0,0.000,0
https://www.icodata.io/coin/tensorbit,Tensorbit,Completed,"$6,200,000.00",17.10.2017,$0.64598,$0,0.000,0
https://www.icodata.io/coin/hero,Hero Token Pre-sale,Completed,"$6,149,949.00",20.12.2017,$4.14,$0,0.000,0
https://www.icodata.io/coin/dreamteam,DreamTeam (Phase 1),Completed,"$6,000,000.00",15.12.2017,$0.342225,$0,0.000,0
https://www.icodata.io/coin/paragon,Paragon,Completed,"$6,000,000.00",15.10.2017,$0,$0,0.000,0
https://www.icodata.io/coin/soma,Soma,Completed,"$6,000,000.00",15.11.2017,$0,$0,0.000,0
https://www.icodata.io/coin/lhcrypto,LHCrypto,Completed,"$5,951,183.00",31.12.2017,$0.1557,$0,0.000,0
https://www.icodata.io/coin/trueflip,TrueFlip,Completed,"$5,869,919.00",29.07.2017,$0.939598,$2.5879,2.754,0
https://www.icodata.io/coin/opus,Opus,Completed,"$5,825,148.00",25.08.2017,$0.043697,$0.096784,2.215,0
https://www.icodata.io/coin/aleph-market,ALEPH Market,Completed,"$5,817,474.00",31.10.2017,$0.3,$0,0.000,0
https://www.icodata.io/coin/aeternity-phase-1,Aeternity,Completed,"$5,800,000.00",04.04.2017,$0.0417,$2.14141,51.353,0
https://www.icodata.io/coin/matchpool,Matchpool,Completed,"$5,700,000.00",04.04.2017,$0.095,$1.1099,11.683,0
https://www.icodata.io/coin/firstblood,FirstBlood,Completed,"$5,500,000.00",25.09.2016,$0.064284,$1.54171,23.983,0
https://www.icodata.io/coin/digixdao,DigixDAO,Completed,"$5,500,000.00",01.03.2016,$3.235294,$211.44,65.354,0
https://www.icodata.io/coin/debit-coin,Telegraf Money,Completed,"$5,434,124.00",01.11.2017,$0,$0,0.000,0
https://www.icodata.io/coin/chronobank,Chronobank,Completed,"$5,400,000.00",15.02.2017,$7.604424,$39.3422,5.174,0
https://www.icodata.io/coin/exscudo,Exscudo,Completed,"$5,347,423.00",31.05.2017,$0,$0,0.000,0
https://www.icodata.io/coin/swarm-fund,Swarm Fund,Completed,"$5,338,919.00",27.10.2017,$0,$0,0.000,0
https://www.icodata.io/coin/axionv,AxionV,Completed,"$5,312,630.00",30.09.2017,$0,$0,0.000,0
https://www.icodata.io/coin/augur,Augur,Completed,"$5,300,000.00",01.10.2015,$0.602273,$95.4268,158.445,0
https://www.icodata.io/coin/social,Social,Completed,"$5,240,000.00",14.09.2017,$0,$0,0.000,0
https://www.icodata.io/coin/hellogold,Hellogold,Completed,"$5,214,153.00",05.10.2017,$0,$0,0.000,0
https://www.icodata.io/coin/humaniq,Humaniq,Completed,"$5,163,000.00",27.04.2017,$0.040912,$0.451807,11.043,0
https://www.icodata.io/coin/air-platform,Sphre AIR,Completed,"$5,109,781.00",30.06.2017,$0.200665,$0.603056,3.005,0
https://www.icodata.io/coin/dcorp,DCORP,Completed,"$5,048,937.00",29.06.2017,$0,$0,0.000,0
https://www.icodata.io/coin/starta,Starta,Completed,"$5,033,960.00",04.07.2017,$1,$1.10186,1.102,0
https://www.icodata.io/coin/dimcoin,Dimcoin,Completed,"$5,033,685.00",15.07.2017,$0,$0,0.000,0
https://www.icodata.io/coin/wetrust,WeTrust,Completed,"$5,000,000.00",14.04.2017,$0.0625,$1.21795,19.487,0
https://www.icodata.io/coin/brickblock,Brickblock,Completed,"$4,997,151.00",21.11.2017,$0.48,$0,0.000,0
https://www.icodata.io/coin/tokenstars,TokenStars,Completed,"$4,901,200.00",31.10.2017,$0.63,$0,0.000,0
https://www.icodata.io/coin/aeron,Aeron,Completed,"$4,897,723.00",30.10.2017,$0.5,$0,0.000,0
https://www.icodata.io/coin/flixxo,Flixxo,Completed,"$4,829,000.00",24.11.2017,$0,$0,0.000,0
https://www.icodata.io/coin/mothership,Mothership,Completed,"$4,819,379.00",14.07.2017,$0.034424,$0.497615,14.455,0
https://www.icodata.io/coin/ds-plus,DS PLUS,Completed,"$4,792,435.00",31.12.2017,$14.5,$0,0.000,0
https://www.icodata.io/coin/proof,Proof Suite,Completed,"$4,720,726.00",30.11.2017,$0,$0,0.000,0
https://www.icodata.io/coin/synereo,Synereo,Completed,"$4,700,000.00",18.10.2016,$0,$0,0.000,0
https://www.icodata.io/coin/matryx,Matryx,Completed,"$4,544,937.00",21.11.2017,$0.315369,$0,0.000,0
https://www.icodata.io/coin/rex,REX,Completed,"$4,532,921.00",28.08.2017,$0.261663,$2.1974,8.398,0
https://www.icodata.io/coin/stex,STeX,Completed,"$4,521,900.00",30.09.2017,$0,$0,0.000,0
https://www.icodata.io/coin/ecobit,Ecobit,Completed,"$4,500,000.00",15.06.2017,$0.010125,$0.054185,5.352,0
https://www.icodata.io/coin/dao-playmarket-2,DAO PlayMarket 2,Completed,"$4,500,000.00",28.12.2017,$0,$0,0.000,0
https://www.icodata.io/coin/lockchain,Lockchain,Completed,"$4,471,100.00",01.12.2017,$0.596147,$0,0.000,0
https://www.icodata.io/coin/dent,Dent,Completed,"$4,386,168.00",27.07.2017,$0.000464,$0.057994,124.879,0
https://www.icodata.io/coin/quantum-resistant-ledger,Quantum Resistant Ledger,Completed,"$4,160,000.00",24.05.2017,$0.106667,$2.78697,26.128,0
https://www.icodata.io/coin/decent,DECENT,Completed,"$4,126,300.00",06.11.2016,$0.107147,$2.11182,19.710,0
https://www.icodata.io/coin/gaze-coin,Gaze Coin,Completed,"$4,097,139.00",21.12.2017,$0.587142,$0,0.000,0
https://www.icodata.io/coin/obsidian,Obsidian,Completed,"$4,073,497.00",25.08.2017,$0.203966,$1.24536,6.106,0
https://www.icodata.io/coin/investfeed,InvestFeed,Completed,"$4,047,929.00",07.08.2017,$0.021151,$0.239648,11.330,0
https://www.icodata.io/coin/mark-space,Mark Space Pre-sale,Completed,"$3,987,164.00",31.12.2017,$0,$0,0.000,0
https://www.icodata.io/coin/aigang,Aigang,Completed,"$3,936,272.00",15.12.2017,$0.342225,$0,0.000,0
https://www.icodata.io/coin/drg-token,DRG Token,Completed,"$3,929,482.00",31.12.2017,$2.51,$0,0.000,0
https://www.icodata.io/coin/crypviser,Crypviser,Completed,"$3,822,606.00",30.06.2017,$0,$0,0.000,0
https://www.icodata.io/coin/dropdeck,DropDeck,Completed,"$3,783,317.67",16.12.2017,$0,$0,0.000,0
https://www.icodata.io/coin/antshares,NEO,Completed,"$3,758,871.00",07.09.2016,$0.187944,$157.439,837.693,0
https://www.icodata.io/coin/dfinity,DFinity,Completed,"$3,750,000.00",01.02.2017,$0,$0,0.000,0
https://www.icodata.io/coin/alis,ALIS,Completed,"$3,705,000.00",29.09.2017,$0.087441,$1.03258,11.809,0
https://www.icodata.io/coin/crystal-clear-services,Crystal Clear Services,Completed,"$3,424,850.00",08.10.2017,$0,$0,0.000,0
https://www.icodata.io/coin/hut34,Hut34,Completed,"$3,407,042.00",07.12.2017,$0,$0,0.000,0
https://www.icodata.io/coin/lunyr,Lunyr,Completed,"$3,400,000.00",26.04.2017,$1.612431,$46.571,28.882,0
https://www.icodata.io/coin/taklimakan-network,Taklimakan Network Pre-sale,Completed,"$3,316,000.00",08.01.2018,$0.05,$0,0.000,0
https://www.icodata.io/coin/meetip,MeeTip,Completed,"$3,226,597.00",15.12.2017,$1.12505,$0,0.000,0
https://www.icodata.io/coin/coss,Coss,Completed,"$3,168,713.00",08.09.2017,$0,$0,0.000,0
https://www.icodata.io/coin/corion,Corion,Completed,"$3,100,950.00",26.08.2017,$0,$0,0.000,0
https://www.icodata.io/coin/foodcoin,Foodcoin,Completed,"$3,061,918.00",23.09.2017,$0,$0,0.000,0
https://www.icodata.io/coin/satoshi-brewery,Satoshi Brewery,Completed,"$3,060,363.00",27.12.2017,$1.2,$0,0.000,0
https://www.icodata.io/coin/mybit,MyBit Token,Completed,"$3,036,000.00",16.08.2017,$1.984192,$14.1564,7.135,0
https://www.icodata.io/coin/rasputin-online,Rasputin Online,Completed,"$3,027,322.00",26.08.2017,$0,$0,0.000,0
https://www.icodata.io/coin/internet-of-coins,Internet of Coins,Completed,"$3,000,000.00",21.06.2017,$0,$0,0.000,0
https://www.icodata.io/coin/encryptotel,EncryptoTel [WAVES],Completed,"$3,000,000.00",10.05.2017,$0.083995,$0.307886,3.666,0
https://www.icodata.io/coin/miniapps,Miniapps,Completed,"$3,000,000.00",19.12.2017,$0,$0,0.000,0
https://www.icodata.io/coin/skincoin,SkinCoin,Completed,"$3,000,000.00",21.07.2017,$0.03402,$0.031142,0.915,0
https://www.icodata.io/coin/zipper,Zipper Pre-sale,Completed,"$3,000,000.00",04.01.2018,$0.03,$0,0.000,0
https://www.icodata.io/coin/melonport,Melon,Completed,"$2,900,000.00",16.02.2017,$5.8,$219.767,37.891,0
https://www.icodata.io/coin/genesis-vision,Genesis Vision,Completed,"$2,836,724.00",15.11.2017,$1,$25.6499,25.650,0
https://www.icodata.io/coin/artoken-by-cappasity,ARToken,Completed,"$2,813,147.00",22.11.2017,$0.008,$0,0.000,0
https://www.icodata.io/coin/mirocana,Mirocana,Completed,"$2,803,254.00",19.12.2017,$0.8164,$0,0.000,0
https://www.icodata.io/coin/lykke,Lykke,Completed,"$2,800,000.00",09.10.2016,$0.056,$0.290109,5.181,0
https://www.icodata.io/coin/footballcoin,Footballcoin,Completed,"$2,733,184.00",23.06.2017,$0,$0,0.000,0
https://www.icodata.io/coin/bitjob,Bitjob,Completed,"$2,726,424.00",13.10.2017,$0,$0,0.000,0
https://www.icodata.io/coin/nitro,Nitro,Completed,"$2,724,589.00",26.12.2017,$0.9673,$0,0.000,0
https://www.icodata.io/coin/edgeless,Edgeless,Completed,"$2,700,000.00",21.03.2017,$0.039199,$2.52592,64.438,0
https://www.icodata.io/coin/mywish,MyWish,Completed,"$2,670,000.00",25.11.2017,$0.23314,$0,0.000,0
https://www.icodata.io/coin/suretly,Suretly,Completed,"$2,659,256.00",11.08.2017,$0,$0,0.000,0
https://www.icodata.io/coin/money-rebel,Money Rebel Pre-ICO,Completed,"$2,608,875.00",08.11.2017,$0,$0,0.000,0
https://www.icodata.io/coin/cryptoping,CryptoPing,Completed,"$2,608,052.00",24.06.2017,$0.289784,$0.835927,2.885,0
https://www.icodata.io/coin/reality-clash,Reality Clash,Completed,"$2,563,479.00",29.09.2017,$0,$0,0.000,0
https://www.icodata.io/coin/idice,iDice,Completed,"$2,500,000.00",26.06.2017,$1.666667,$0.331318,0.199,0
https://www.icodata.io/coin/da-powerplay,DA Powerplay,Completed,"$2,458,869.00",26.09.2017,$0,$0,0.000,0
https://www.icodata.io/coin/hydrominer,HydroMiner,Completed,"$2,455,188.00",15.11.2017,$0,$0,0.000,0
https://www.icodata.io/coin/blockbid,Blockbid,Completed,"$2,449,274.00",16.12.2017,$2.3207,$0,0.000,0
https://www.icodata.io/coin/divi-project,Divi Project,Completed,"$2,445,409.00",23.11.2017,$0,$0,0.000,0
https://www.icodata.io/coin/privatix,Privatix,Completed,"$2,388,068.00",16.11.2017,$3.14374,$10.8922,3.465,0
https://www.icodata.io/coin/astronaut-capital,Astronaut Capital,Completed,"$2,352,240.00",25.10.2017,$1,$0,0.000,0
https://www.icodata.io/coin/bitquence,Ethos,Completed,"$2,266,876.00",16.07.2017,$0.033013,$1.92666,58.360,0
https://www.icodata.io/coin/sola,Sola,Completed,"$2,233,700.00",25.12.2017,$0.095,$0,0.000,0
https://www.icodata.io/coin/wolk,Wolk,Completed,"$2,171,748.00",31.10.2017,$0.015294,$0,0.000,0
https://www.icodata.io/coin/hedgetoken,Hedgetoken,Completed,"$2,134,409.00",15.10.2017,$0.6732,$0,0.000,0
https://www.icodata.io/coin/snovio,Snovio,Completed,"$2,129,106.00",30.11.2017,$0.009427,$0,0.000,0
https://www.icodata.io/coin/neblio,Neblio,Completed,"$2,102,281.00",19.08.2017,$0.177532,$30.0804,169.437,0
https://www.icodata.io/coin/wings,Wings,Completed,"$2,074,000.00",06.01.2017,$0.027653,$1.57304,56.884,0
https://www.icodata.io/coin/herocoin,Herocoin,Completed,"$2,021,030.00",16.10.2017,$0.0267,$0,0.000,0
https://www.icodata.io/coin/itt,ITT,Completed,"$2,000,000.00",17.09.2017,$0,$0,0.000,0
https://www.icodata.io/coin/komodo,Komodo,Completed,"$1,983,781.00",14.11.2016,$0.022042,$8.16777,370.555,0
https://www.icodata.io/coin/suncontract,SunContract,Completed,"$1,980,156.00",01.08.2017,$0.016137,$0.493129,30.559,0
https://www.icodata.io/coin/ethbet,EthBet,Completed,"$1,980,000.00",22.09.2017,$0,$0.425918,0.000,0
https://www.icodata.io/coin/mira,Mira Pre-ICO,Completed,"$1,980,000.00",29.11.2017,$0.6,$0,0.000,0
https://www.icodata.io/coin/digital-developers-fund,DigitalDevelopersFund,Completed,"$1,963,332.00",09.08.2017,$0.30539,$0.200318,0.656,0
https://www.icodata.io/coin/metal,Metal,Completed,"$1,945,000.00",01.03.2017,$0.117879,$5.69241,48.290,0
https://www.icodata.io/coin/cdx,CDX,Completed,"$1,943,687.00",30.09.2017,$0,$0,0.000,0
https://www.icodata.io/coin/smartbillions,Smartbillions,Completed,"$1,943,152.00",30.10.2017,$0,$0,0.000,0
https://www.icodata.io/coin/dentacoin,Dentacoin,Completed,"$1,923,507.00",01.11.2017,$28,$0.002895,0.000,0
https://www.icodata.io/coin/kibo-lotto,Kibo Lotto,Completed,"$1,894,900.00",10.11.2016,$0,$0,0.000,0
https://www.icodata.io/coin/vdice,vSlice,Completed,"$1,800,000.00",15.12.2016,$0.053908,$0.252434,4.683,0
https://www.icodata.io/coin/remme,REMME,Completed,"$1,800,000.00",04.01.2018,$0,$0,0.000,0
https://www.icodata.io/coin/anryze,Anryze,Completed,"$1,757,432.00",12.10.2017,$0,$0,0.000,0
https://www.icodata.io/coin/crypto-tickets,Crypto Tickets,Completed,"$1,750,926.00",02.12.2017,$0.06,$0,0.000,0
https://www.icodata.io/coin/hash-rush,Hash Rush,Completed,"$1,737,000.00",20.10.2017,$0,$0,0.000,0
https://www.icodata.io/coin/gimli,Gimli,Completed,"$1,717,455.00",21.10.2017,$0.0871,$0,0.000,0
https://www.icodata.io/coin/sand-coin,Sand Coin,Completed,"$1,705,000.00",18.10.2017,$0,$0,0.000,0
https://www.icodata.io/coin/blockpool,BlockPool,Completed,"$1,699,747.00",30.06.2017,$0,$0,0.000,0
https://www.icodata.io/coin/fidentiax,FidentiaX,Completed,"$1,566,283.00",05.12.2017,$0.92656,$0,0.000,0
https://www.icodata.io/coin/smart-investment-fund,Smart Investment Fund,Completed,"$1,546,430.00",14.09.2017,$0,$0,0.000,0
https://www.icodata.io/coin/realisto,Realisto,Completed,"$1,531,146.00",25.12.2017,$0,$0,0.000,0
https://www.icodata.io/coin/esr-wallet,ESR Wallet,Completed,"$1,507,910.00",09.10.2017,$0,$0,0.000,0
https://www.icodata.io/coin/bounty0x,Bounty0x,Completed,"$1,500,000.00",16.12.2017,$0.0165,$0.478072,28.974,0
https://www.icodata.io/coin/goal-bonanza,Goal Bonanza,Completed,"$1,500,000.00",31.10.2017,$0.061176,$0,0.000,0
https://www.icodata.io/coin/vezt,Vezt,Completed,"$1,497,284.00",03.12.2017,$0.540386,$0,0.000,0
https://www.icodata.io/coin/bitbase,BitBase,Completed,"$1,481,131.00",27.10.2017,$1,$0,0.000,0
https://www.icodata.io/coin/vibehub,VIBE,Completed,"$1,435,724.00",21.09.2017,$0.019885,$1.27715,64.226,0
https://www.icodata.io/coin/mass,MASS,Completed,"$1,416,404.00",19.07.2017,$0,$0,0.000,0
https://www.icodata.io/coin/ccore,Ccore,Completed,"$1,413,990.00",30.11.2017,$0.47133,$1.89946,4.030,0
https://www.icodata.io/coin/bitboost,BitBoost,Completed,"$1,395,803.00",09.11.2017,$0.46,$0,0.000,0
https://www.icodata.io/coin/icoo,ICO OpenLedger,Completed,"$1,388,427.00",30.06.2016,$2.937544,$10.5679,3.598,0
https://www.icodata.io/coin/zephyr,Zephyr,Completed,"$1,369,406.00",06.11.2017,$0,$0,0.000,0
https://www.icodata.io/coin/vyral,Vyral Pre-sale,Completed,"$1,362,811.00",24.12.2017,$0,$0,0.000,0
https://www.icodata.io/coin/etcwin,ETCWin,Completed,"$1,309,000.00",23.11.2016,$0,$0,0.000,0
https://www.icodata.io/coin/ethbits,Ethbits,Completed,"$1,259,489.00",15.05.2017,$0.963095,$4.53092,4.705,0
https://www.icodata.io/coin/gene-chain,Gene-Chain,Completed,"$1,254,595.00",17.07.2017,$0,$0,0.000,0
https://www.icodata.io/coin/mingo,Mingo,Completed,"$1,220,431.00",23.10.2017,$0,$0,0.000,0
https://www.icodata.io/coin/fundyourselfnow,FundYourselfNow,Completed,"$1,176,703.00",31.07.2017,$1.611922,$5.25979,3.263,0
https://www.icodata.io/coin/pcc,PCC,Completed,"$1,140,804.00",20.11.2017,$0.073346,$0,0.000,0
https://www.icodata.io/coin/flypme,Flypme,Completed,"$1,140,422.00",21.10.2017,$0.071474,$0,0.000,0
https://www.icodata.io/coin/tele2-teleport,Tele2 Teleport,Completed,"$1,123,374.00",26.10.2017,$0,$0,0.000,0
https://www.icodata.io/coin/kexcoin,KexCoin,Completed,"$1,113,751.00",15.10.2017,$0,$0,0.000,0
https://www.icodata.io/coin/magos,Magos,Completed,"$1,101,655.00",30.09.2017,$0,$0,0.000,0
https://www.icodata.io/coin/adel,Adelphoi,Completed,"$1,094,622.00",31.05.2017,$0.046635,$0.360004,7.720,0
https://www.icodata.io/coin/wandx,WandX,Completed,"$1,088,708.00",05.12.2017,$0.122173,$0,0.000,0
https://www.icodata.io/coin/augmentors,Databits,Completed,"$1,069,525.00",28.02.2017,$0.015279,$1.98945,130.209,0
https://www.icodata.io/coin/easymine,Easymine,Completed,"$1,057,892.00",26.10.2017,$0,$0,0.000,0
https://www.icodata.io/coin/publica,Publica,Completed,"$1,049,209.00",15.11.2017,$0.1,$0,0.000,0
https://www.icodata.io/coin/monsterbyte,Monster Byte,Completed,"$1,033,340.00",07.08.2017,$0.102268,$0.136002,1.330,0
https://www.icodata.io/coin/holdme,Holdme,Completed,"$1,022,598.00",15.12.2017,$0.22815,$0,0.000,0
https://www.icodata.io/coin/incent,Incent,Completed,"$1,000,000.00",01.09.2016,$0.043463,$0.820285,18.873,0
https://www.icodata.io/coin/plutus,Pluton,Completed,"$1,000,000.00",24.06.2016,$1.176471,$30.3247,25.776,0
https://www.icodata.io/coin/rega,Rega,Completed,"$1,000,000.00",25.12.2017,$0,$0,0.000,0
https://www.icodata.io/coin/wala,Wala,Completed,"$1,000,000.00",11.12.2017,$0,$0,0.000,0
https://www.icodata.io/coin/the-legends-room,The Legends Room,Completed,"$1,000,000.00",15.05.2017,$0,$0,0.000,0
https://www.icodata.io/coin/back-to-earth,StarCredits,Completed,"$988,110.00",28.04.2017,$0.24684,$0.608882,2.467,0
https://www.icodata.io/coin/algory,Algory,Completed,"$967,315.00",08.01.2018,$0.9571,$0,0.000,0
https://www.icodata.io/coin/ark,Ark,Completed,"$942,593.00",11.12.2016,$0.009954,$8.1857,822.361,0
https://www.icodata.io/coin/etch,ETCH,Completed,"$900,000.00",18.10.2017,$0,$0,0.000,0
https://www.icodata.io/coin/horizon-state,Horizon State,Completed,"$893,520.00",30.10.2017,$0.0874,$0,0.000,0
https://www.icodata.io/coin/clearpoll,ClearPoll,Completed,"$870,000.00",20.10.2017,$0.132178,$7.67589,58.072,0
https://www.icodata.io/coin/fluence,Fluence,Completed,"$855,809.00",27.08.2017,$0,$0,0.000,0
https://www.icodata.io/coin/wish-finance,Wish Finance,Completed,"$850,000.00",07.12.2017,$1.1,$0,0.000,0
https://www.icodata.io/coin/wordcoin,Wordcoin,Completed,"$847,657.00",07.11.2017,$1.028363,$0,0.000,0
https://www.icodata.io/coin/e4row,E4ROW,Completed,"$829,700.00",23.05.2017,$0.157319,$0.043952,0.279,0
https://www.icodata.io/coin/paycent,Paycent,Completed,"$823,678.00",30.11.2017,$0.66572,$0,0.000,0
https://www.icodata.io/coin/peerguess,Peerguess,Completed,"$812,765.00",10.12.2017,$0,$0,0.000,0
https://www.icodata.io/coin/sosnovkino,Sosnovkino,Completed,"$786,390.00",27.08.2017,$0,$0,0.000,0
https://www.icodata.io/coin/minexcoin,Minexcoin,Completed,"$785,706.00",13.06.2017,$0,$0,0.000,0
https://www.icodata.io/coin/multibot,Multibot,Completed,"$722,344.00",26.11.2017,$1,$0,0.000,0
https://www.icodata.io/coin/vuepay,VuePay,Completed,"$717,569.00",20.11.2017,$0,$0,0.000,0
https://www.icodata.io/coin/qvolta,Qvolta,Completed,"$713,650.00",20.10.2017,$0,$0,0.000,0
https://www.icodata.io/coin/angel-token,Angel Token,Completed,"$711,355.00",19.12.2017,$0,$0,0.000,0
https://www.icodata.io/coin/kapu,Kapu,Completed,"$703,535.00",22.10.2017,$0,$0,0.000,0
https://www.icodata.io/coin/qchain,Qchain,Completed,"$700,000.00",05.12.2017,$0,$0,0.000,0
https://www.icodata.io/coin/particl,Particl,Completed,"$688,849.00",14.04.2017,$0.133738,$47.5233,355.347,0
https://www.icodata.io/coin/hamster,Hamster Pre-sale,Completed,"$1,360,816.00",31.12.2017,$1.6,$0,0.000,0
https://www.icodata.io/coin/blockpay,BlockPay,Completed,"$675,000.00",05.09.2016,$0.124348,$0.280962,2.259,0
https://www.icodata.io/coin/voise,Voise,Completed,"$646,519.00",06.06.2017,$0.851207,$0,0.000,0
https://www.icodata.io/coin/virtual-accelerator,Hacker Gold,Completed,"$645,000.00",21.12.2016,$0.040035,$0.001823,0.046,0
https://www.icodata.io/coin/equibit,Equibit,Completed,"$633,246.00",01.04.2017,$0,$0,0.000,0
https://www.icodata.io/coin/paquarium,Paquarium,Completed,"$619,807.00",24.08.2017,$0,$0,0.000,0
https://www.icodata.io/coin/delphi,Delphi,Completed,"$616,064.00",30.07.2017,$0,$0,0.000,0
https://www.icodata.io/coin/verifyunion,VerifyUnion,Completed,"$614,865.00",03.12.2017,$0,$0,0.000,0
https://www.icodata.io/coin/skrilla,Skrilla,Completed,"$601,804.00",20.11.2017,$183,$0,0.000,0
https://www.icodata.io/coin/stratis,Stratis,Completed,"$600,945.00",26.07.2016,$0.007154,$19.436,"2,716.764",0
https://www.icodata.io/coin/vega-intelligent-solutions,Vega Intelligent Solutions,Completed,"$586,818.00",07.01.2018,$0.7,$0,0.000,0
https://www.icodata.io/coin/prospectors,Prospectors,Completed,"$579,233.00",10.09.2017,$0,$0,0.000,0
https://www.icodata.io/coin/royal-kingdom-coin,Royal Kingdom Coin,Completed,"$577,755.00",11.08.2017,$0,$0,0.000,0
https://www.icodata.io/coin/tripally,TripAlly,Completed,"$558,526.00",30.11.2017,$2.23555,$0,0.000,0
https://www.icodata.io/coin/solvena,Solvena,Completed,"$548,358.00",30.09.2017,$0,$0,0.000,0
https://www.icodata.io/coin/assetron-energy,Assetron Energy,Completed,"$530,520.00",20.12.2017,$0,$0,0.000,0
https://www.icodata.io/coin/global-crypto-bank,Global Crypto Bank,Completed,"$525,000.00",30.12.2017,$0,$0,0.000,0
https://www.icodata.io/coin/lordmancer-2,Lordmancer 2,Completed,"$501,703.07",20.12.2017,$0,$0,0.000,0
https://www.icodata.io/coin/peerplays,Peerplays,Completed,"$500,000.00",14.05.2017,$0.526316,$15.0427,28.581,0
https://www.icodata.io/coin/signals,Signals Pre-sale,Completed,"$500,000.00",01.01.2018,$0.25,$0,0.000,0
https://www.icodata.io/coin/viabet,Viabet,Completed,"$495,713.00",07.01.2018,$1.1531,$0,0.000,0
https://www.icodata.io/coin/soferox,Soferox,Completed,"$489,449.00",31.10.2017,$0,$0,0.000,0
https://www.icodata.io/coin/live-edu,Live Edu,Completed,"$475,135.00",15.12.2017,$0,$0,0.000,0
https://www.icodata.io/coin/rocket-ico,Rocket ICO,Completed,"$462,645.00",15.12.2017,$0,$0,0.000,0
https://www.icodata.io/coin/golos,Golos,Completed,"$462,000.00",04.12.2016,$0.017066,$0.422128,24.736,0
https://www.icodata.io/coin/storj-x,Storjcoin X,Completed,"$461,802.00",18.08.2014,$0.009024,$1.91883,212.629,0
https://www.icodata.io/coin/300cubits,300cubits,Completed,"$447,620.00",20.09.2017,$0,$0,0.000,0
https://www.icodata.io/coin/papyrus,Papyrus,Completed,"$440,000.00",02.11.2017,$1,$0,0.000,0
https://www.icodata.io/coin/emphy,Emphy,Completed,"$435,206.00",05.11.2017,$0,$0,0.000,0
https://www.icodata.io/coin/rustbits,Rustbits,Completed,"$428,397.00",31.07.2017,$0.020625,$0.157467,7.635,0
https://www.icodata.io/coin/contingency,Contingency,Completed,"$367,078.00",28.02.2017,$0,$0,0.000,0
https://www.icodata.io/coin/peerbanks,Peerbanks,Completed,"$365,317.00",22.09.2017,$0,$0,0.000,0
https://www.icodata.io/coin/apptrade,Apptrade,Completed,"$361,826.00",30.04.2017,$0,$0,0.000,0
https://www.icodata.io/coin/stash,Stash,Completed,"$355,939.00",18.11.2017,$0.1,$0,0.000,0
https://www.icodata.io/coin/eloplay,Eloplay,Completed,"$335,395.00",15.11.2017,$0.033336,$0,0.000,0
https://www.icodata.io/coin/just-dating-site,Just Dating Site,Completed,"$333,756.00",30.09.2017,$0,$0,0.000,0
https://www.icodata.io/coin/avalon,Avalon,Completed,"$323,165.00",30.09.2017,$0,$0,0.000,0
https://www.icodata.io/coin/ice-rock-mining,Ice Rock Mining,Completed,"$311,496.00",08.11.2017,$1.2,$0,0.000,0
https://www.icodata.io/coin/databroker-dao,Databroker DAO,Completed,"$310,760.00",16.10.2017,$0,$0,0.000,0
https://www.icodata.io/coin/spheris,Spheris,Completed,"$306,340.00",19.10.2017,$0,$0,0.000,0
https://www.icodata.io/coin/etheroll,Etheroll,Completed,"$304,295.00",17.02.2017,$0.067597,$3.25393,48.137,0
https://www.icodata.io/coin/blockcdn,BlockCDN,Completed,"$303,000.00",25.12.2016,$0,$0,0.000,0
https://www.icodata.io/coin/wabi,WaBi,Completed,"$300,000.00",12.08.2017,$0,$0,0.000,0
https://www.icodata.io/coin/genevieve,Genevieve,Completed,"$299,872.00",31.08.2017,$0,$0,0.000,0
https://www.icodata.io/coin/creativechain,Creativecoin,Completed,"$298,331.00",01.05.2017,$0.037539,$0.922129,24.565,0
https://www.icodata.io/coin/octanox,Octanox,Completed,"$297,414.00",26.06.2017,$0.074354,$0.288325,3.878,0
https://www.icodata.io/coin/trackr,CryptoInsight,Completed,"$292,938.00",15.09.2017,$0.048582,$0.253108,5.210,0
https://www.icodata.io/coin/des,DES,Completed,"$289,687.00",01.10.2017,$0,$0,0.000,0
https://www.icodata.io/coin/odmc,ODMC,Completed,"$281,000.00",31.12.2017,$0,$0,0.000,0
https://www.icodata.io/coin/robot-vera,Robot Vera,Completed,"$271,285.00",31.10.2017,$0,$0,0.000,0
https://www.icodata.io/coin/blocklancer,Blocklancer,Completed,"$258,580.00",21.09.2017,$0,$0,0.000,0
https://www.icodata.io/coin/mass-coin,Mass coin,Completed,"$252,432.00",01.12.2016,$0,$0,0.000,0
https://www.icodata.io/coin/gilgames,Gilgames,Completed,"$251,074.00",20.07.2017,$0,$0,0.000,0
https://www.icodata.io/coin/ethersport,EtherSport,Completed,"$250,000.00",20.12.2017,$0,$0,0.000,0
https://www.icodata.io/coin/cryptoforecast,CryptoForecast,Completed,"$249,000.00",19.05.2017,$0.005413,$0.110426,20.400,0
https://www.icodata.io/coin/7ype,7ype,Completed,"$241,967.00",07.10.2017,$0,$0,0.000,0
https://www.icodata.io/coin/pylon,Pylon,Completed,"$237,894.00",05.11.2017,$1.957837,$0,0.000,0
https://www.icodata.io/coin/battledrome,Battledrome,Completed,"$227,328.00",12.08.2017,$0,$0,0.000,0
https://www.icodata.io/coin/last-will,Last Will,Completed,"$225,690.00",19.08.2017,$0,$0,0.000,0
https://www.icodata.io/coin/follow-coin,Follow Coin,Completed,"$214,415.00",24.11.2017,$0,$0,0.000,0
https://www.icodata.io/coin/payfair,Payfair,Completed,"$213,788.00",30.11.2017,$0.00382,$0,0.000,0
https://www.icodata.io/coin/internxt,Internxt,Completed,"$209,405.00",28.09.2017,$0,$0,0.000,0
https://www.icodata.io/coin/propx,PROPX,Completed,"$203,792.00",30.11.2017,$0.3,$0,0.000,0
https://www.icodata.io/coin/bitcrystals-spells-of-genesis,Bitcrystals,Completed,"$200,000.00",04.09.2015,$0.014792,$1.53354,103.677,0
https://www.icodata.io/coin/eventchain,Eventchain,Completed,"$192,000.00",20.11.2017,$0,$0,0.000,40
https://www.icodata.io/coin/global-jobcoin,Global Jobcoin,Completed,"$189,898.00",06.12.2017,$0,$0,0.000,0
https://www.icodata.io/coin/authoreon,Authoreon,Completed,"$189,021.00",31.12.2017,$0.15,$0,0.000,0
https://www.icodata.io/coin/immla,IMMLA,Completed,"$183,426.00",03.11.2017,$0,$0,0.000,0
https://www.icodata.io/coin/synchrolife,Synchrolife,Completed,"$180,733.00",20.10.2017,$0,$0,0.000,0
https://www.icodata.io/coin/vote-coin,Vote Coin,Completed,"$177,580.00",21.10.2017,$0,$0,0.000,0
https://www.icodata.io/coin/robo-advisor-coin,Robo Advisor Coin,Completed,"$174,874.00",24.12.2017,$0,$0,0.000,0
https://www.icodata.io/coin/render-payment,Render Payment,Completed,"$164,405.00",30.11.2017,$0.25,$0,0.000,0
https://www.icodata.io/coin/nimfamoney,Nimfamoney,Completed,"$156,156.00",30.09.2017,$0,$0,0.000,0
https://www.icodata.io/coin/agora,Agora,Completed,"$152,004.00",26.10.2017,$0.59306,$0,0.000,0
https://www.icodata.io/coin/wwam,WWAM,Completed,"$148,250.00",08.09.2017,$0,$0,0.000,0
https://www.icodata.io/coin/eboost,eBoost,Completed,"$140,000.00",27.10.2016,$0,$0,0.000,0
https://www.icodata.io/coin/mcx,MCX,Completed,"$139,731.00",31.12.2017,$0.5,$0,0.000,0
https://www.icodata.io/coin/santiment-pre-sale,Santiment Network Token,Completed,"$135,000.00",13.02.2017,$0,$5.24907,0.000,0
https://www.icodata.io/coin/graphene-power,Graphene Power Pre-sale,Completed,"$133,628.00",10.01.2018,$0.125,$0,0.000,0
https://www.icodata.io/coin/3des,3DES,Completed,"$127,752.00",25.10.2017,$0,$0,0.000,0
https://www.icodata.io/coin/zloadr,Zloadr,Completed,"$119,498.00",31.10.2017,$0.31,$0,0.000,0
https://www.icodata.io/coin/beyond-the-void,Nexium,Completed,"$115,500.00",30.11.2016,$0.003996,$0.60971,152.584,0
https://www.icodata.io/coin/graft,Graft,Completed,"$113,321.00",15.10.2017,$0,$0,0.000,0
https://www.icodata.io/coin/fidcom,Fidcom,Completed,"$111,640.00",19.10.2017,$0,$0,0.000,0
https://www.icodata.io/coin/confideal,Confideal,Completed,"$109,780.00",22.11.2017,$0,$0,0.000,0
https://www.icodata.io/coin/ethino,Ethino,Completed,"$106,341.00",30.10.2017,$0,$0,0.000,0
https://www.icodata.io/coin/rakugo,Rakugo,Completed,"$103,802.00",19.09.2017,$0,$0,0.000,0
https://www.icodata.io/coin/cryptonetix,Cryptonetix,Completed,"$100,000.00",31.12.2017,$0.34,$0,0.000,0
https://www.icodata.io/coin/dls-academy,DLS Academy,Completed,"$96,529.00",15.10.2017,$0,$0,0.000,0
https://www.icodata.io/coin/webcoin,Webcoin,Completed,"$91,415.00",31.12.2017,$0,$0,0.000,0
https://www.icodata.io/coin/cryptofund,CryptoFund,Completed,"$89,670.00",01.11.2017,$0,$0,0.000,0
https://www.icodata.io/coin/lust,Lust,Completed,"$84,000.00",30.09.2017,$0,$0,0.000,0
https://www.icodata.io/coin/tokes,Tokes,Completed,"$81,100.00",16.01.2017,$0.125227,$8.17754,65.302,0
https://www.icodata.io/coin/leviarcoin,LeviarCoin,Completed,"$80,885.00",09.07.2017,$0,$0,0.000,0
https://www.icodata.io/coin/fintab,Fintab,Completed,"$78,363.00",12.11.2017,$0,$0,0.000,0
https://www.icodata.io/coin/procommerce,ProCurrency,Completed,"$77,000.00",27.02.2017,$0.027352,$0.098602,3.605,0
https://www.icodata.io/coin/charg-coin,Charg Coin,Completed,"$74,162.00",31.12.2017,$0,$0,0.000,0
https://www.icodata.io/coin/xronos,Xronos,Completed,"$71,943.00",21.10.2017,$3.5,$0,0.000,0
https://www.icodata.io/coin/stuffgogo,Stuffgogo,Completed,"$69,192.00",08.09.2017,$0,$0,0.000,0
https://www.icodata.io/coin/egaas,eGaaS,Completed,"$64,000.00",15.12.2016,$0,$0,0.000,0
https://www.icodata.io/coin/nametoken,Nametoken,Completed,"$61,403.00",30.09.2017,$0,$0,0.000,0
https://www.icodata.io/coin/darf-chain,DARF Chain,Completed,"$59,810.00",17.10.2017,$0,$0,0.000,0
https://www.icodata.io/coin/dao-ipci,DAO IPCI,Completed,"$57,486.00",15.12.2017,$0,$0,0.000,0
https://www.icodata.io/coin/selfpay,SelfPay,Completed,"$56,700.00",03.11.2017,$0,$0,0.000,0
https://www.icodata.io/coin/mdk,MDK,Completed,"$56,699.00",31.12.2017,$0,$0,0.000,0
https://www.icodata.io/coin/bet-network,BET Network,Completed,"$54,263.00",30.09.2017,$0,$0,0.000,0
https://www.icodata.io/coin/coppay,CopPay,Completed,"$52,318.00",30.11.2017,$0,$0,0.000,0
https://www.icodata.io/coin/oren,Oren,Completed,"$50,796.00",30.09.2017,$0,$0,0.000,0
https://www.icodata.io/coin/viso,Viso,Completed,"$43,331.00",24.10.2017,$0.1,$0,0.000,0
https://www.icodata.io/coin/a2b-direct,A2B Direct,Completed,"$43,209.00",29.08.2017,$0,$0,0.000,0
https://www.icodata.io/coin/acebusters,Acebusters,Completed,"$38,526.00",21.12.2017,$0.02736,$0,0.000,0
https://www.icodata.io/coin/integrative-wallet,Integrative Wallet,Completed,"$36,795.00",28.09.2017,$0,$0,0.000,0
https://www.icodata.io/coin/crypto-improvement-fund,Crypto Improvement Fund,Completed,"$34,750.00",01.01.2018,$0,$0,0.000,0
https://www.icodata.io/coin/camonroad,CamOnRoad,Completed,"$33,553.00",15.11.2017,$0,$0,0.000,0
https://www.icodata.io/coin/pally,Pally,Completed,"$33,508.00",13.12.2017,$0.1,$0,0.000,0
https://www.icodata.io/coin/rpay,RPay,Completed,"$30,750.00",20.10.2017,$0,$0,0.000,0
https://www.icodata.io/coin/fitvitalik,FitVitalik,Completed,"$28,908.00",02.01.2018,$0,$0,0.000,0
https://www.icodata.io/coin/godzillion,Godzillion,Completed,"$27,990.00",24.09.2017,$0,$0,0.000,0
https://www.icodata.io/coin/trive-news,Trive News,Completed,"$27,776.00",15.12.2017,$0,$0,0.000,0
https://www.icodata.io/coin/cromhub,CROMhub,Completed,"$26,372.00",14.12.2017,$6.9585,$0,0.000,0
https://www.icodata.io/coin/bolenum,Bolenum,Completed,"$18,606.00",14.08.2017,$0.724259,$0.036614,0.051,0
https://www.icodata.io/coin/golden-fleece,Golden Fleece,Completed,"$17,417.00",30.09.2017,$0,$0,0.000,0
https://www.icodata.io/coin/spectrecoin,Spectrecoin,Completed,"$15,427.00",08.01.2017,$0.000812,$3.82042,"4,705.530",0
https://www.icodata.io/coin/wild-crypto,Wild Crypto,Completed,"$15,410.00",12.09.2017,$0,$0,0.000,0
https://www.icodata.io/coin/armor-ceramics,Armor Ceramics - Pre-ICO,Completed,"$15,273.00",03.12.2017,$0,$0,0.000,0
https://www.icodata.io/coin/real-property-token,Real Property Token,Completed,"$15,224.00",10.01.2018,$0,$0,0.000,0
https://www.icodata.io/coin/rados,Rados,Completed,"$15,028.00",01.12.2017,$830,$0,0.000,0
https://www.icodata.io/coin/8-circuit-studios,8 Circuit Studios,Completed,"$14,591.00",18.08.2017,$0,$0,0.000,0
https://www.icodata.io/coin/dolphin-bi,Dolphin BI,Completed,"$13,726.00",26.10.2017,$0,$0,0.000,0
https://www.icodata.io/coin/arbitrage-crypto-trader,Arbitrage Crypto Trader,Completed,"$13,559.00",25.12.2017,$0,$0,0.000,0
https://www.icodata.io/coin/dinnerful-network,Dinnerful Network,Completed,"$12,931.00",18.10.2017,$0,$0,0.000,0
https://www.icodata.io/coin/elite-888,Elite 888,Completed,"$12,711.00",09.11.2017,$0,$0,0.000,0
https://www.icodata.io/coin/s3ntigraph,S3ntigraph,Completed,"$11,584.00",04.08.2017,$0,$0,0.000,0
https://www.icodata.io/coin/farad,Farad,Completed,"$10,506.00",31.10.2017,$0,$0,0.000,0
https://www.icodata.io/coin/autonio,Autonio,Completed,"$10,223.00",22.10.2017,$0,$0,0.000,14
https://www.icodata.io/coin/gluon,Gluon,Completed,"$9,698.00",17.09.2017,$0,$0,0.000,0
https://www.icodata.io/coin/chex,Chex,Completed,"$8,840.00",17.11.2017,$0,$0,0.000,0
https://www.icodata.io/coin/makeitviral,MakeItViral,Completed,"$8,230.00",15.11.2017,$0,$0,0.000,0
https://www.icodata.io/coin/zerotraffic,Zerotraffic,Completed,"$7,243.00",15.10.2017,$0,$0,0.000,0
https://www.icodata.io/coin/hunt-bet,Hunt Bet,Completed,"$7,241.00",02.09.2017,$0,$0,0.000,0
https://www.icodata.io/coin/mill-of-blood,Mill of Blood,Completed,"$6,851.00",16.09.2017,$0,$0,0.000,0
https://www.icodata.io/coin/acuitty,Acuitty,Completed,"$6,598.00",16.11.2017,$0,$0,0.000,0
https://www.icodata.io/coin/disledger,DisLedger,Completed,"$6,362.00",31.10.2017,$0,$0,0.000,0
https://www.icodata.io/coin/open-longevity,Open Longevity,Completed,"$5,988.00",09.11.2017,$0,$0,0.000,0
https://www.icodata.io/coin/game-com,Game.com,Completed,"$5,559.00",30.11.2017,$0,$0,0.000,0
https://www.icodata.io/coin/sunlight-coin,Sunlight Coin,Completed,"$5,527.00",17.10.2017,$0,$0,0.000,0
https://www.icodata.io/coin/fapcoin,FAPCoin,Completed,"$5,250.00",31.10.2017,$0,$0,0.000,0
https://www.icodata.io/coin/beesocials,BeeSocials,Completed,"$5,090.00",24.12.2017,$0,$0,0.000,0
https://www.icodata.io/coin/quickbetcoin,QuickBetCoin,Completed,"$5,057.00",07.12.2017,$0,$0,0.000,0
https://www.icodata.io/coin/equi,Equi,Completed,"$4,988.00",15.09.2017,$0,$0,0.000,0
https://www.icodata.io/coin/robot-trading,Robot Trading,Completed,"$4,705.00",24.12.2017,$0.083,$0,0.000,0
https://www.icodata.io/coin/indicoin,Indicoin,Completed,"$4,539.00",07.11.2017,$0,$0,0.000,0
https://www.icodata.io/coin/crowddrive,CrowdDrive,Completed,"$4,496.00",10.01.2018,$1.65,$0,0.000,0
https://www.icodata.io/coin/doft,Doft,Completed,"$4,435.00",27.10.2017,$0,$0,0.000,0
https://www.icodata.io/coin/startmining,StartMining,Completed,"$4,398.00",17.10.2017,$0,$0,0.000,0
https://www.icodata.io/coin/digitx,DigitX,Completed,"$4,152.00",31.12.2017,$0.13,$0,0.000,0
https://www.icodata.io/coin/virtual-cashback,Virtual Cashback,Completed,"$3,739.00",17.10.2017,$0,$0,0.000,0
https://www.icodata.io/coin/premium-trade,Premium Trade,Completed,"$3,173.00",18.10.2017,$0,$0,0.000,0
https://www.icodata.io/coin/macroverse,Macroverse,Completed,"$3,046.00",01.10.2017,$0,$0,0.000,0
https://www.icodata.io/coin/bitcoin-silver,Bitcoin Silver,Completed,"$3,000.00",20.11.2017,$0,$0,0.000,0
https://www.icodata.io/coin/balehu-bucks,Balehu Bucks,Completed,"$2,957.00",31.12.2017,$0,$0,0.000,0
https://www.icodata.io/coin/slot,Slot,Completed,"$2,921.00",18.12.2017,$0,$0,0.000,0
https://www.icodata.io/coin/beeqb,BeeqB,Completed,"$2,841.00",22.12.2017,$1,$0,0.000,0
https://www.icodata.io/coin/unicoin,Unicoin,Completed,"$2,574.00",31.10.2017,$0,$0,0.000,0
https://www.icodata.io/coin/christ-coin,Christ Coin,Completed,"$1,917.00",31.12.2017,$0,$0,0.000,0
https://www.icodata.io/coin/red-pill-coin,Red Pill Coin,Completed,"$1,697.00",31.12.2017,$0,$0,0.000,0
https://www.icodata.io/coin/vacuum,Vacuum,Completed,"$1,677.00",24.10.2017,$0,$0,0.000,0
https://www.icodata.io/coin/icobid,IcoBid,Completed,"$1,500.00",11.01.2017,$0,$0,0.000,0
https://www.icodata.io/coin/tokenlab,Tokenlab,Completed,"$1,467.00",28.09.2017,$0,$0,0.000,0
https://www.icodata.io/coin/unit-fund,Unit Fund,Completed,"$1,336.00",26.08.2017,$0,$0,0.000,0
https://www.icodata.io/coin/wu-tang-coin,Wu Tang Coin,Completed,"$1,001.00",31.10.2017,$0,$0,0.000,0
https://www.icodata.io/coin/sqpay,SqPay,Completed,$914.00,30.09.2017,$0,$0,0.000,0
https://www.icodata.io/coin/oyster,Oyster,Completed,$807.00,30.11.2017,$0,$0,0.000,0
https://www.icodata.io/coin/techbench,TechBench,Completed,$650.00,23.11.2017,$0,$0,0.000,0
https://www.icodata.io/coin/lookrev,Lookrev,Completed,$619.00,31.10.2017,$0,$0,0.000,0
https://www.icodata.io/coin/alpencoin,Alpencoin,Completed,$412.00,11.09.2017,$0,$0,0.000,0
https://www.icodata.io/coin/rich-coin,Rich Coin,Completed,$377.00,25.11.2017,$0,$0,0.000,0
https://www.icodata.io/coin/coinsopen,CoinsOpen,Completed,$351.00,20.11.2017,$0,$0,0.000,0
https://www.icodata.io/coin/top,TOP,Completed,$342.00,23.10.2017,$0,$0,0.000,0
https://www.icodata.io/coin/videoblog,VideoBlog,Completed,$245.00,25.12.2017,$0,$0,0.000,0
https://www.icodata.io/coin/ftcoin,FTCoin,Completed,$194.00,10.11.2017,$0,$0,0.000,0
https://www.icodata.io/coin/bitnan,Bitnan,Completed,$153.00,16.10.2017,$0,$0,0.000,0
https://www.icodata.io/coin/luxcoin,Luxcoin,Completed,$133.00,21.10.2017,$0,$0,0.000,0
https://www.icodata.io/coin/dfs,DFS,Completed,$104.00,31.12.2017,$0,$0,0.000,0
https://www.icodata.io/coin/88-coin,88 Coin,Completed,$74.00,27.12.2017,$0.3,$0,0.000,0
https://www.icodata.io/coin/pixiu,Pixiu,Completed,$57.00,05.10.2017,$0,$0,0.000,0
https://www.icodata.io/coin/bhotspot,bHotspot,Completed,$50.00,19.08.2017,$0,$0,0.000,0
https://www.icodata.io/coin/btcwall,BTCWall,Completed,$48.00,25.10.2017,$0,$0,0.000,0
https://www.icodata.io/coin/flik,Flik,Completed,$46.00,20.09.2017,$0,$0,0.000,0
https://www.icodata.io/coin/customizable-basic-income,Customizable Basic Income,Completed,$30.00,29.10.2017,$0,$0,0.000,0
https://www.icodata.io/coin/crypto-apartments,Crypto Apartments,Completed,$22.60,30.10.2017,$0,$0,0.000,0
https://www.icodata.io/coin/bico,Bico,Completed,$8.92,20.11.2017,$0,$0,0.000,0
https://www.icodata.io/coin/coindex,Coindex,Completed,$0.00,02.11.2017,$0.6,$0,0.000,0
https://www.icodata.io/coin/strim,STRIM,Completed,$0.00,10.11.2017,$0,$0,0.000,0
https://www.icodata.io/coin/knows,Knows,Completed,$0.00,17.08.2017,$0,$0,0.000,0
https://www.icodata.io/coin/vlb,VLB,Completed,$0.00,17.12.2017,$0,$0,0.000,0
https://www.icodata.io/coin/etherecash,Etherecash,Completed,$0.00,19.12.2017,$0,$0,0.000,0
https://www.icodata.io/coin/grace,Grace,Completed,$0.00,01.12.2017,$0,$0,0.000,0
https://www.icodata.io/coin/exotown,ExoTown,Completed,$0.00,22.12.2017,$0,$0,0.000,0
https://www.icodata.io/coin/detector-token,Detector Token,Completed,$0.00,20.09.2017,$0,$0,0.000,0
https://www.icodata.io/coin/golden-alliance,Golden Alliance,Completed,$0.00,21.12.2017,$0,$0,0.000,0
https://www.icodata.io/coin/izx,IZX,Completed,$0.00,31.12.2017,$1,$0,0.000,0
https://www.icodata.io/coin/next-exchange,Next Exchange,Completed,$0.00,31.12.2017,$0,$0,0.000,0
https://www.icodata.io/coin/escroco,Escroco,Completed,$0.00,21.11.2017,$0,$0,0.000,0
https://www.icodata.io/coin/baochain,BaoChain,Completed,$0.00,27.11.2017,$3.33,$0,0.000,0
https://www.icodata.io/coin/guidectf,GuideCTF,Completed,$0.00,19.11.2017,$0,$0,0.000,0
https://www.icodata.io/coin/authenticid,AuthenticID,Completed,$0.00,28.12.2017,$0,$0,0.000,0
https://www.icodata.io/coin/tigereum,Tigereum,Completed,$0.00,18.12.2017,$0,$0,0.000,0
https://www.icodata.io/coin/bdcc,BDCC,Completed,$0.00,31.12.2017,$0,$0,0.000,0
https://www.icodata.io/coin/genesis-world,Genesis World,Completed,$0.00,30.09.2017,$0,$0,0.000,0
https://www.icodata.io/coin/raacoin,RAAcoin,Completed,$0.00,01.12.2017,$0,$0,0.000,0
https://www.icodata.io/coin/vista-financial,Vista Financial,Completed,$0.00,15.08.2017,$0,$0,0.000,0
https://www.icodata.io/coin/berith,Berith,Completed,$0.00,27.09.2017,$0,$0,0.000,0
https://www.icodata.io/coin/bitsdigit,Bitsdigit,Completed,$0.00,31.08.2017,$0,$0,0.000,0
https://www.icodata.io/coin/enjoy-life,Enjoy Life,Completed,$0.00,15.01.2017,$0,$0,0.000,0
https://www.icodata.io/coin/akrocoin,AkroCoin,Completed,$0.00,09.01.2018,$1.2,$0,0.000,0
https://www.icodata.io/coin/belrium,Belrium,Completed,$0.00,08.10.2017,$0,$0,0.000,0
https://www.icodata.io/coin/openzen,Openzen,Completed,$0.00,15.11.2017,$0,$0,0.000,0
https://www.icodata.io/coin/baner,Baner,Completed,$0.00,30.09.2017,$0,$0,0.000,0
https://www.icodata.io/coin/imprinta,Imprinta,Completed,$0.00,22.12.2017,$0,$0,0.000,0
https://www.icodata.io/coin/cryogen,CryoGen Pre-sale,Completed,$0.00,01.01.2018,$1,$0,0.000,0
https://www.icodata.io/coin/exxor,Exxor,Completed,$0.00,31.12.2017,$0.2,$0,0.000,0
https://www.icodata.io/coin/vinchain,VinChain Pre-ICO,Completed,$0.00,24.12.2017,$0,$0,0.000,0
https://www.icodata.io/coin/battleball,Battleball,Completed,$0.00,25.12.2017,$0,$0,0.000,0
https://www.icodata.io/coin/modum,Modum,Completed,$0.00,22.09.2017,$0,$0,0.000,0
https://www.icodata.io/coin/estate-coin,Estate Coin,Completed,$0.00,30.09.2017,$0,$0,0.000,0
https://www.icodata.io/coin/cryptoabs,CryptoABS,Completed,$0.00,04.08.2017,$0,$0,0.000,0
https://www.icodata.io/coin/cryptosoft,Cryptosoft,Completed,$0.00,25.09.2017,$0,$0,0.000,0
https://www.icodata.io/coin/f2uphone,F2uPhone,Completed,$0.00,30.09.2017,$0,$0,0.000,0
https://www.icodata.io/coin/reanimator,Reanimator,Completed,$0.00,15.12.2017,$0,$0,0.000,0
https://www.icodata.io/coin/qbao,Qbao,Completed,$0.00,29.11.2017,$0,$0,0.000,0
https://www.icodata.io/coin/clickauto,ClickAuto,Completed,$0.00,10.09.2017,$0,$0,0.000,0
https://www.icodata.io/coin/ifan,iFan,Completed,$0.00,15.12.2017,$0,$0,0.000,0
https://www.icodata.io/coin/ong-coin,ONG Coin,Completed,$0.00,20.09.2017,$0,$0,0.000,0
https://www.icodata.io/coin/binary,Binary,Completed,$0.00,25.12.2017,$0,$0,0.000,0
https://www.icodata.io/coin/votes,Votes,Completed,$0.00,03.11.2017,$0,$0,0.000,0
https://www.icodata.io/coin/full-consensus-films,Full Consensus Films,Completed,$0.00,14.09.2017,$0,$0,0.000,0
https://www.icodata.io/coin/anacoin,Anacoin,Completed,$0.00,06.08.2017,$0,$0,0.000,0
https://www.icodata.io/coin/qurito,Qurito,Completed,$0.00,19.11.2017,$0,$0,0.000,0
https://www.icodata.io/coin/kencoin,Kencoin,Completed,$0.00,14.09.2017,$0,$0,0.000,0
https://www.icodata.io/coin/stockbet,Stockbet,Completed,$0.00,31.12.2017,$0,$0,0.000,0
https://www.icodata.io/coin/casagram,Casagram,Completed,$0.00,15.12.2017,$7.5,$0,0.000,0
https://www.icodata.io/coin/bitpoker,Bitpoker,Completed,$0.00,05.10.2017,$0,$0,0.000,0
https://www.icodata.io/coin/fundaria,Fundaria,Completed,$0.00,22.12.2017,$0,$0,0.000,0
https://www.icodata.io/coin/connectwealth,Connectwealth,Completed,$0.00,13.09.2017,$0,$0,0.000,0
https://www.icodata.io/coin/copico,COPICO,Completed,$0.00,17.11.2017,$0,$0,0.000,0
https://www.icodata.io/coin/securitypluscloud,SecurityPlusCloud,Completed,$0.00,06.01.2018,$0.75,$0,0.000,0
https://www.icodata.io/coin/smoke-exchange,Smoke Exchange,Completed,$0.00,16.11.2017,$0,$0,0.000,0
https://www.icodata.io/coin/blockchain-neural-system,Blockchain Neural System,Completed,$0.00,30.11.2017,$0.88,$0,0.000,0
https://www.icodata.io/coin/oceanus,Oceanus,Completed,$0.00,15.10.2017,$0,$0,0.000,0
https://www.icodata.io/coin/benjacoin,Benjacoin,Completed,$0.00,31.08.2017,$0,$0,0.000,0
https://www.icodata.io/coin/trafficx,TrafficX,Completed,$0.00,24.08.2017,$0,$0,0.000,0
https://www.icodata.io/coin/crederoom,CREDEROOM,Completed,$0.00,15.11.2017,$0,$0,0.000,0
https://www.icodata.io/coin/kuna,Kuna,Completed,$0.00,08.08.2017,$0,$0,0.000,0
https://www.icodata.io/coin/hacken,Hacken,Completed,$0.00,30.11.2017,$1,$0,0.000,0
https://www.icodata.io/coin/esports-gold,Esports Gold,Completed,$0.00,16.11.2017,$0,$0,0.000,0
https://www.icodata.io/coin/solar-dao,Solar DAO,Completed,$0.00,06.09.2017,$0,$0,0.000,0
https://www.icodata.io/coin/open-money,Open Money,Completed,$0.00,17.11.2017,$0,$0,0.000,0
https://www.icodata.io/coin/beatlecoin,Beatlecoin,Completed,$0.00,17.11.2017,$0,$0,0.000,0
https://www.icodata.io/coin/orio,ORIO,Completed,$0.00,04.10.2017,$0,$0,0.000,0
https://www.icodata.io/coin/iungo,IUNGO,Completed,$0.00,19.11.2017,$0,$0,0.000,0
https://www.icodata.io/coin/moncrypt,Moncrypt,Completed,$0.00,20.10.2017,$0,$0,0.000,0
https://www.icodata.io/coin/sportyfi,SportyFi,Completed,"$5,087,896.00",10.12.2017,$0.18,$0.537561,2.986,0
https://www.icodata.io/coin/cryptowi,CryptoWi,Completed,$0.00,30.09.2017,$0,$0,0.000,0
https://www.icodata.io/coin/socialmedia-market,SocialMedia Market,Completed,$0.00,20.11.2017,$0,$0,0.000,0
https://www.icodata.io/coin/e-chat,e-Chat,Completed,$0.00,30.12.2017,$0.8,$0,0.000,0
https://www.icodata.io/coin/salt-coin,Salt coin,Completed,$0.00,24.12.2017,$11,$0,0.000,0
https://www.icodata.io/coin/sine,Sine,Completed,$0.00,22.11.2017,$0.75,$0,0.000,0
https://www.icodata.io/coin/abio-coin,ABIO Coin,Completed,$0.00,25.10.2017,$0,$0,0.000,0
https://www.icodata.io/coin/whenhub,WhenHub,Completed,$0.00,31.12.2017,$0.1,$0,0.000,0
https://www.icodata.io/coin/smartre,SmartRe,Completed,$0.00,14.09.2017,$0,$0,0.000,0
https://www.icodata.io/coin/crazy-shapes,Crazy Shapes,Completed,$0.00,04.01.2018,$0.2,$0,0.000,0
https://www.icodata.io/coin/amor-coin,Amor Coin,Completed,$0.00,02.01.2018,$0.7,$0,0.000,0
https://www.icodata.io/coin/modoview,Modoview,Completed,$0.00,01.11.2017,$0,$0,0.000,0
https://www.icodata.io/coin/blockhive,blockhive,Completed,$0.00,09.02.2017,$0,$0,0.000,0
https://www.icodata.io/coin/umbrella-coin,Umbrella Coin,Completed,$0.00,04.10.2017,$0,$0,0.000,0
https://www.icodata.io/coin/wcx,WCX,Completed,$0.00,31.12.2017,$0,$0,0.000,0
https://www.icodata.io/coin/mbet,mBet,Completed,$0.00,27.12.2017,$0,$0,0.000,0
https://www.icodata.io/coin/miners-at-work,Miners at work,Completed,$0.00,05.02.2017,$0,$0,0.000,0
https://www.icodata.io/coin/silent-notary,Silent Notary,Completed,$0.00,04.09.2017,$0,$0,0.000,0
https://www.icodata.io/coin/upfiring,Upfiring,Completed,$0.00,31.10.2017,$0,$0,0.000,0
https://www.icodata.io/coin/fizcal,Fizcal,Completed,$0.00,31.12.2017,$0,$0,0.000,0
https://www.icodata.io/coin/mfv,MFV,Completed,$0.00,10.11.2017,$0,$0,0.000,0
https://www.icodata.io/coin/secure-identity-ledger,Secure Identity Ledger,Completed,$0.00,25.10.2017,$0,$0,0.000,0
https://www.icodata.io/coin/nova-blitz,Nova Blitz,Completed,$0.00,10.01.2018,$0.00075,$0,0.000,0
https://www.icodata.io/coin/snapup,Snapup,Completed,$0.00,04.09.2017,$0,$0,0.000,0
https://www.icodata.io/coin/burstiq,burstIQ,Completed,$0.00,31.10.2017,$0,$0,0.000,0
https://www.icodata.io/coin/wiseplat,Wiseplat,Completed,$0.00,31.12.2017,$0,$0,0.000,0
https://www.icodata.io/coin/uoomag,uooMAG,Completed,$0.00,30.09.2017,$0,$0,0.000,0
https://www.icodata.io/coin/mega-x,MEGA X,Completed,$0.00,17.11.2017,$0,$0,0.000,0
https://www.icodata.io/coin/ucash,UCASH,Completed,$0.00,07.01.2018,$0,$0,0.000,0
https://www.icodata.io/coin/the-divi-project,The project,Completed,$0.00,24.01.2017,$0,$0,0.000,0
https://www.icodata.io/coin/power-group,Power Group,Completed,$0.00,01.12.2017,$0,$0,0.000,0
https://www.icodata.io/coin/aaa-coin,AAA Coin,Completed,$0.00,28.11.2017,$1,$0,0.000,0
https://www.icodata.io/coin/finamatrix,Finamatrix,Completed,$0.00,03.09.2017,$0,$0,0.000,0
https://www.icodata.io/coin/redemption,Redemption,Completed,$0.00,11.11.2017,$0,$0,0.000,0
https://www.icodata.io/coin/moosecoin,Moosecoin,Completed,$0.00,30.09.2017,$0,$0,0.000,0
https://www.icodata.io/coin/weigrate,Weigrate,Completed,$0.00,15.11.2017,$0,$0,0.000,0
https://www.icodata.io/coin/viuly,Viuly,Completed,$0.00,15.11.2017,$0,$0,0.000,0
https://www.icodata.io/coin/witcoin,Witcoin,Completed,$0.00,06.11.2017,$0,$0,0.000,0
https://www.icodata.io/coin/superdao,SuperDAO,Completed,$0.00,15.11.2017,$0,$0,0.000,0
https://www.icodata.io/coin/greenmed,GreenMed,Completed,$0.00,30.10.2017,$0,$0,0.000,0
https://www.icodata.io/coin/kairos,Kairos,Completed,$0.00,27.08.2017,$0,$0,0.000,0
https://www.icodata.io/coin/moneytree,MoneyTree,Completed,$0.00,09.11.2017,$0,$0,0.000,0
https://www.icodata.io/coin/bitotal,Bitotal,Completed,$0.00,31.08.2017,$0,$0,0.000,0
https://www.icodata.io/coin/proxycard,Proxycard,Completed,$0.00,28.11.2017,$0,$0,0.000,0
https://www.icodata.io/coin/intellium,Intellium,Completed,$0.00,03.11.2017,$0,$0,0.000,0
https://www.icodata.io/coin/crazybet,Crazybet,Completed,$0.00,10.08.2017,$0,$0,0.000,0
https://www.icodata.io/coin/blockmason,Blockmason,Completed,$0.00,08.11.2017,$700,$0,0.000,0
https://www.icodata.io/coin/chaintrade,ChainTrade,Completed,$0.00,16.12.2017,$0.6,$0,0.000,0
https://www.icodata.io/coin/whalefund,WhaleFund,Completed,$0.00,17.12.2017,$0,$0,0.000,0
https://www.icodata.io/coin/medibond,Medibond,Completed,$0.00,05.09.2017,$0,$0,0.000,0
https://www.icodata.io/coin/ezmarket,EZMarket,Completed,$0.00,25.11.2017,$0.46628,$0,0.000,0
https://www.icodata.io/coin/arker,Arker,Completed,$0.00,30.12.2017,$0,$0,0.000,0
https://www.icodata.io/coin/stater,Stater,Completed,$0.00,15.12.2017,$0,$0,0.000,0
https://www.icodata.io/coin/alloy,Alloy,Completed,$0.00,05.11.2017,$0,$0,0.000,0
https://www.icodata.io/coin/bowhead-health,Bowhead Health,Completed,$0.00,31.08.2017,$0,$0,0.000,0
https://www.icodata.io/coin/gamecoin,Gamecoin,Completed,$0.00,29.09.2017,$0,$0,0.000,0
https://www.icodata.io/coin/hungry-panda-games,Hungry Panda Games,Completed,$0.00,30.08.2017,$0,$0,0.000,0
https://www.icodata.io/coin/xtoken,XTOKEN,Completed,$0.00,28.12.2017,$0,$0,0.000,0
https://www.icodata.io/coin/hazza,Hazza,Completed,$0.00,31.10.2017,$0,$0,0.000,0
https://www.icodata.io/coin/dimpay,Dimpay,Completed,$0.00,18.12.2017,$0,$0,0.000,0
https://www.icodata.io/coin/act,ACT,Completed,$0.00,01.08.2017,$0,$0,0.000,0
https://www.icodata.io/coin/blockchain-financial,Blockchain Financial,Completed,$0.00,16.11.2017,$0,$0,0.000,0
https://www.icodata.io/coin/javvy,Javvy,Completed,$0.00,15.11.2017,$0,$0,0.000,0
https://www.icodata.io/coin/nebeus,Nebeus,Completed,$0.00,31.12.2017,$1,$0,0.000,0
https://www.icodata.io/coin/genaro-support-program,Genaro Support Program,Completed,$0.00,09.12.2017,$0.25,$0,0.000,0
https://www.icodata.io/coin/leap,LEAP,Completed,$0.00,21.12.2017,$0,$0,0.000,0
https://www.icodata.io/coin/asspace-token,ASSPACE TOKEN Pre-Sale,Completed,$0.00,01.01.2018,$0,$0,0.000,0
https://www.icodata.io/coin/lambo-token,Lambo Token,Completed,$0.00,18.08.2017,$0,$0,0.000,0
https://www.icodata.io/coin/holycoin,HolyCoin,Completed,$0.00,08.12.2017,$0,$0,0.000,0
https://www.icodata.io/coin/blockpass,Blockpass,Completed,$0.00,16.09.2017,$0,$0,0.000,0
https://www.icodata.io/coin/injii-access-coin,injii Access Coin,Completed,$0.00,15.12.2017,$0,$0,0.000,0
https://www.icodata.io/coin/stable,Stable,Completed,$0.00,01.10.2017,$0,$0,0.000,0
https://www.icodata.io/coin/ample,Ample,Completed,$0.00,15.01.2017,$0,$0,0.000,0
https://www.icodata.io/coin/prosenselive,ProsenseLive,Completed,$0.00,28.12.2017,$0,$0,0.000,0
https://www.icodata.io/coin/payall,PAYALL,Completed,$0.00,20.12.2017,$0,$0,0.000,0
https://www.icodata.io/coin/freedom-streaming,Freedom Streaming,Completed,$0.00,31.12.2017,$0.066,$0,0.000,0
https://www.icodata.io/coin/render,Render Token,Completed,$0.00,15.10.2017,$0,$0,0.000,0
https://www.icodata.io/coin/reorder,reOrder,Completed,$0.00,07.12.2017,$0,$0,0.000,0
https://www.icodata.io/coin/robomed-network,Robomed Network,Completed,$0.00,15.12.2017,$0,$0,0.000,0
https://www.icodata.io/coin/plexcoin,Plexcoin,Completed,$0.00,01.10.2017,$0,$0,0.000,0
https://www.icodata.io/coin/roin,Roin,Completed,$0.00,30.09.2017,$0,$0,0.000,0
https://www.icodata.io/coin/artex-global,Artex Global,Completed,$0.00,24.12.2017,$0,$0,0.000,0
https://www.icodata.io/coin/scriptdrop,Scriptdrop,Completed,$0.00,14.11.2017,$0,$0,0.000,0
https://www.icodata.io/coin/eroscoin,ErosCoin,Completed,$0.00,15.11.2017,$0,$0,0.000,0
https://www.icodata.io/coin/ankorus,Ankorus,Completed,$0.00,25.12.2017,$0,$0,0.000,0
https://www.icodata.io/coin/spectiv,Spectiv,Completed,$0.00,31.12.2017,$0,$0,0.000,0
https://www.icodata.io/coin/seratio,Seratio,Completed,$0.00,31.10.2017,$0,$0,0.000,0
https://www.icodata.io/coin/smartlands,Smartlands,Completed,$0.00,15.11.2017,$0,$0,0.000,0
https://www.icodata.io/coin/opakeco,Opakeco,Completed,$0.00,28.09.2017,$0,$0,0.000,0
https://www.icodata.io/coin/sparklecoin,SparkleCOIN,Completed,$0.00,20.11.2017,$0,$0,0.000,0
https://www.icodata.io/coin/value-coin,Value Coin,Completed,$0.00,31.10.2017,$0,$0,0.000,0
https://www.icodata.io/coin/blockoptions,BlockOptions,Completed,$0.00,25.09.2017,$0,$0,0.000,0
https://www.icodata.io/coin/vr-coin,VR Coin,Completed,$0.00,26.09.2017,$0,$0,0.000,0
https://www.icodata.io/coin/flipcoin,Flipcoin,Completed,$0.00,15.10.2017,$0,$0,0.000,0
https://www.icodata.io/coin/bannercoin,Bannercoin,Completed,$0.00,31.10.2017,$0,$0,0.000,0
https://www.icodata.io/coin/zenome,Zenome,Completed,$0.00,24.10.2017,$0,$0,0.000,0
https://www.icodata.io/coin/health-nexus,Health Nexus,Completed,$0.00,20.11.2017,$0,$0,0.000,0
https://www.icodata.io/coin/cash-poker-pro,Cash Poker Pro,Completed,$0.00,18.11.2017,$0,$0,0.000,0
https://www.icodata.io/coin/inspeer,Inspeer Pre-sale,Completed,$0.00,06.12.2017,$0,$0,0.000,0
https://www.icodata.io/coin/bit-life-and-trust,Bit Life and Trust,Completed,$0.00,30.10.2017,$0,$0,0.000,0
https://www.icodata.io/coin/world-of-battles,World Of Battles,Completed,$0.00,17.11.2017,$0,$0,0.000,0
https://www.icodata.io/coin/blockchain-development-company,Blockchain Development Company,Completed,$0.00,14.11.2017,$0,$0,0.000,0
https://www.icodata.io/coin/matrexa,Matrexa,Completed,$0.00,02.10.2017,$0,$0,0.000,0
https://www.icodata.io/coin/redchain,Redchain,Completed,$0.00,08.01.2018,$0.375,$0,0.000,0
https://www.icodata.io/coin/wepower,WePower,Completed,$0.00,23.10.2017,$0,$0,0.000,0
https://www.icodata.io/coin/gizer,Gizer,Completed,$0.00,20.11.2017,$0,$0,0.000,0
https://www.icodata.io/coin/smartone,SmartOne,Completed,$0.00,15.12.2017,$0,$0,0.000,0
https://www.icodata.io/coin/meta-exchange,Meta Exchange,Completed,$0.00,04.09.2017,$0,$0,0.000,0
https://www.icodata.io/coin/21-million,21 Million,Completed,$0.00,28.06.2017,$0,$0,0.000,0
https://www.icodata.io/coin/project-circle,Project Circle,Completed,$0.00,20.10.2017,$0,$0,0.000,0
https://www.icodata.io/coin/gold-mine-token,Gold Mine Token,Completed,$0.00,10.10.2017,$0,$0,0.000,0
https://www.icodata.io/coin/smartprogress,Smartprogress,Completed,$0.00,22.11.2017,$0.1,$0,0.000,0
https://www.icodata.io/coin/masknetwork,MaskNetwork,Completed,$0.00,24.06.2017,$0,$0,0.000,0
https://www.icodata.io/coin/earth-token,Earth Token,Completed,$0.00,15.12.2017,$0,$0,0.000,0
https://www.icodata.io/coin/silvercoin,Silvercoin,Completed,$0.00,28.06.2017,$0,$0,0.000,0
https://www.icodata.io/coin/coindrive,CoinDrive,Completed,$0.00,06.11.2017,$0,$0,0.000,0
https://www.icodata.io/coin/sisa,SISA,Completed,$0.00,20.12.2017,$0.42,$0,0.000,0
https://www.icodata.io/coin/stockblock,StockBlock,Completed,$0.00,25.11.2017,$0,$0,0.000,0
https://www.icodata.io/coin/solarbankers,SolarBankers,Completed,$0.00,31.08.2017,$0,$0,0.000,0
https://www.icodata.io/coin/rivet,Rivet,Completed,$0.00,10.09.2017,$0,$0,0.000,0
https://www.icodata.io/coin/telex-ai,TeleX AI,Completed,$0.00,21.12.2017,$0,$0,0.000,0
https://www.icodata.io/coin/key-token,KeY Token,Completed,$0.00,25.10.2017,$0,$0,0.000,0
https://www.icodata.io/coin/kryptopy,Kryptopy,Completed,$0.00,27.11.2017,$0,$0,0.000,0
https://www.icodata.io/coin/popeie,Popeie,Completed,$0.00,14.10.2017,$0,$0,0.000,0
https://www.icodata.io/coin/mito,MITO,Completed,$0.00,30.10.2017,$0,$0,0.000,0
https://www.icodata.io/coin/imperium,Imperium,Completed,$0.00,27.08.2017,$0,$0,0.000,0
https://www.icodata.io/coin/geofounders,Geofounders,Completed,$0.00,26.07.2017,$0,$0,0.000,0
https://www.icodata.io/coin/gisc,GISC,Completed,$0.00,15.11.2017,$0,$0,0.000,0
https://www.icodata.io/coin/cloud,Cloud,Completed,$0.00,25.08.2017,$0,$0,0.000,0
https://www.icodata.io/coin/vcxcoin,VCXCoin,Completed,$0.00,05.01.2018,$1.05,$0,0.000,0
https://www.icodata.io/coin/beth,Beth,Completed,$0.00,20.06.2017,$0,$0,0.000,0
https://www.icodata.io/coin/investy,Investy,Completed,$0.00,23.12.2017,$0,$0,0.000,0
https://www.icodata.io/coin/revv-coin,REVV Coin,Completed,$0.00,28.10.2017,$0,$0,0.000,0
https://www.icodata.io/coin/mad-network,MAD Network,Completed,$0.00,31.12.2017,$0,$0,0.000,0
https://www.icodata.io/coin/wyrify,Wyrify,Completed,$0.00,28.10.2017,$0,$0,0.000,0
https://www.icodata.io/coin/abjcoin,AbjCoin,Completed,$0.00,01.11.2017,$0,$0,0.000,0
https://www.icodata.io/coin/deco,DECO,Completed,$0.00,31.10.2017,$0,$0,0.000,0
https://www.icodata.io/coin/connectius,Connectius,Completed,$0.00,20.12.2017,$0,$0,0.000,0
https://www.icodata.io/coin/stokit,STOKIT,Completed,$0.00,15.12.2017,$0,$0,0.000,0
https://www.icodata.io/coin/ponsumer,Ponsumer,Completed,$0.00,15.11.2017,$0,$0,0.000,0
https://www.icodata.io/coin/compcoin,CompCoin,Completed,$0.00,31.07.2017,$0,$0,0.000,0
https://www.icodata.io/coin/big-data-coin,Big Data Coin,Completed,$0.00,31.10.2017,$0,$0,0.000,0
https://www.icodata.io/coin/empire-card,Empire Card,Completed,$0.00,20.09.2017,$0,$0,0.000,0
https://www.icodata.io/coin/feenix,Feenix,Completed,$0.00,20.11.2017,$0,$0,0.000,0
https://www.icodata.io/coin/bitcomo,Bitcomo,Completed,$0.00,21.11.2017,$0,$0,0.000,0
https://www.icodata.io/coin/fos,FOS,Completed,$0.00,31.10.2017,$0,$0,0.000,0
https://www.icodata.io/coin/bitcoin-quick,Bitcoin Quick,Completed,$0.00,22.11.2017,$0,$0,0.000,0
https://www.icodata.io/coin/neverdie,Neverdie,Completed,$0.00,01.08.2017,$0,$0,0.000,0
https://www.icodata.io/coin/ftb,FTB,Completed,$0.00,31.10.2017,$0,$0,0.000,0
https://www.icodata.io/coin/impak-coin,Impak Coin,Completed,$0.00,20.09.2017,$0,$0,0.000,0
https://www.icodata.io/coin/moirai,Moirai,Completed,$0.00,25.11.2017,$0,$0,0.000,0
https://www.icodata.io/coin/riptide-coin,Riptide Coin,Completed,$0.00,31.10.2017,$0,$0,0.000,0
https://www.icodata.io/coin/tombcare,TombCare,Completed,$0.00,25.11.2017,$0,$0,0.000,0
https://www.icodata.io/coin/valus,Valus,Completed,$0.00,10.11.2017,$0,$0,0.000,0
https://www.icodata.io/coin/zuvex,ZuveX,Completed,$0.00,31.10.2017,$0,$0,0.000,0
https://www.icodata.io/coin/the-king-of-net,The King of Net,Completed,$0.00,07.10.2017,$0,$0,0.000,0
https://www.icodata.io/coin/climatecoin,Climatecoin,Completed,$0.00,01.01.2018,$0,$0,0.000,0
https://www.icodata.io/coin/smoke-network,Smoke Network,Completed,$0.00,15.09.2017,$0,$0,0.000,0
https://www.icodata.io/coin/travelcoin,Travelcoin,Completed,$0.00,15.08.2017,$0,$0,0.000,0
https://www.icodata.io/coin/million-bitcoin-cash,Million Bitcoin Cash,Completed,$0.00,10.11.2017,$0,$0,0.000,0
https://www.icodata.io/coin/doc,DOC,Completed,$0.00,11.11.2017,$0,$0,0.000,0
https://www.icodata.io/coin/santa-token,Santa Token,Completed,$0.00,30.11.2017,$0,$0,0.000,0
https://www.icodata.io/coin/zeelcoin,Zeelcoin,Completed,$0.00,18.11.2017,$0,$0,0.000,0
https://www.icodata.io/coin/puff-puff-network,Puff Puff Network,Completed,$0.00,31.08.2017,$0,$0,0.000,0
https://www.icodata.io/coin/zavodcoin,ZavodCoin,Completed,$0.00,17.11.2017,$0,$0,0.000,0
https://www.icodata.io/coin/ibuildapp,iBuildapp,Completed,$0.00,26.12.2017,$0,$0,0.000,0
https://www.icodata.io/coin/onegram,OneGram,Completed,$0.00,10.09.2017,$0,$0,0.000,0
https://www.icodata.io/coin/sikoba,Sikoba,Completed,$0.00,01.10.2017,$0,$0,0.000,0
https://www.icodata.io/coin/sga-consulting,SGA Consulting,Completed,$0.00,20.11.2017,$0,$0,0.000,0
https://www.icodata.io/coin/fair-trade-cab,Fair Trade Cab,Completed,$0.00,15.12.2017,$0,$0,0.000,0
https://www.icodata.io/coin/fundrequest,FundRequest,Completed,$0.00,11.08.2017,$0,$0,0.000,0
https://www.icodata.io/coin/kevin,Kevin,Completed,$0.00,22.12.2017,$0,$0,0.000,0
https://www.icodata.io/coin/linda-healthcare,Linda Healthcare,Completed,$0.00,15.12.2017,$0,$0,0.000,0
https://www.icodata.io/coin/fund-platform,Fund Platform,Completed,"$266,183.00",25.12.2017,$0.1,$0,0.000,0
https://www.icodata.io/coin/stayawhile,Stayawhile,Completed,$0.00,11.12.2017,$0,$0,0.000,0
https://www.icodata.io/coin/lendingstar-exchange,LendingStar Exchange,Completed,$0.00,09.12.2017,$0,$0,0.000,0
https://www.icodata.io/coin/agrello,Agrello,Completed,$0.00,17.08.2017,$0,$0,0.000,0
https://www.icodata.io/coin/ai-coin,AI Coin,Completed,$0.00,28.08.2017,$0,$0,0.000,0
https://www.icodata.io/coin/zempa,Zempa,Completed,$0.00,30.11.2017,$0,$0,0.000,0
https://www.icodata.io/coin/silkos,Silkos,Completed,$0.00,26.11.2017,$0,$0,0.000,0
https://www.icodata.io/coin/cryptochip,Cryptochip,Completed,$0.00,29.10.2017,$1.2,$0,0.000,0
https://www.icodata.io/coin/synthium,Synthium,Completed,$0.00,21.12.2017,$0,$0,0.000,0
https://www.icodata.io/coin/milkcoin,MilkCoin,Completed,$0.00,15.12.2017,$0,$0,0.000,0
https://www.icodata.io/coin/target-coins,Target Coins,Completed,$0.00,01.09.2017,$0,$0,0.000,0
https://www.icodata.io/coin/alttradex,Alttradex,Completed,$0.00,05.12.2017,$0.25,$0,0.000,0
https://www.icodata.io/coin/archain,Archain,Completed,$0.00,13.09.2017,$0,$0,0.000,0
https://www.icodata.io/coin/bibox,Bibox,Completed,$0.00,31.10.2017,$0,$0,0.000,0
https://www.icodata.io/coin/open-source-university,Open Source University,Completed,$0.00,31.12.2017,$0,$0,0.000,0
https://www.icodata.io/coin/academy-coin,Academy Coin,Completed,$0.00,31.10.2017,$0,$0,0.000,0
https://www.icodata.io/coin/decentralized-capital,Decentralized Capital,Completed,$0.00,30.11.2016,$0,$0,0.000,0
https://www.icodata.io/coin/facecoin,FaceCoin,Completed,$0.00,17.09.2017,$0,$0,0.000,0
https://www.icodata.io/coin/reporter,Reporter,Completed,$0.00,15.12.2017,$0,$0,0.000,0
https://www.icodata.io/coin/honestis-network,Honestis Network,Completed,$0.00,10.11.2017,$0,$0,0.000,0
https://www.icodata.io/coin/litra,Litra,Completed,$0.00,30.09.2017,$0,$0,0.000,0
https://www.icodata.io/coin/cryptogene,CryptoGene,Completed,$0.00,24.11.2017,$0,$0,0.000,0
https://www.icodata.io/coin/synapse,Synapse,Completed,$0.00,21.11.2017,$0,$0,0.000,0
https://www.icodata.io/coin/copy-trader,Copy Trader,Completed,$0.00,20.11.2017,$0,$0,0.000,0
https://www.icodata.io/coin/styras,Styras,Completed,$0.00,30.12.2017,$0,$0,0.000,0
https://www.icodata.io/coin/ab-chain,AB Chain,Completed,$0.00,25.12.2017,$0,$0,0.000,0
https://www.icodata.io/coin/bbod,BBOD,Completed,$0.00,01.11.2017,$0,$0,0.000,0
https://www.icodata.io/coin/drone-show,Drone Show,Completed,$0.00,15.12.2017,$0,$0,0.000,0
https://www.icodata.io/coin/bitindia,Bitindia,Completed,$0.00,11.12.2017,$0,$0,0.000,0
https://www.icodata.io/coin/brem,BREM,Completed,$0.00,23.12.2017,$1,$0,0.000,0
https://www.icodata.io/coin/the-dome-project,The Dome Project,Completed,$0.00,08.11.2017,$0.176611,$0,0.000,0
https://www.icodata.io/coin/deckswap,DeckSwap,Completed,$0.00,24.11.2017,$0,$0,0.000,0
https://www.icodata.io/coin/whizz-coin,Whizz Coin,Completed,$0.00,02.01.2018,$0,$0,0.000,0
https://www.icodata.io/coin/fueld-app,FUELD App,Completed,$0.00,23.12.2017,$0.3,$0,0.000,0
https://www.icodata.io/coin/kaizen-coin,Kaizen Coin,Completed,$0.00,18.09.2017,$0,$0,0.000,0
https://www.icodata.io/coin/nomad-dao,Nomad DAO,Completed,$0.00,01.11.2017,$0,$0,0.000,0
https://www.icodata.io/coin/sinergia,Sinergia,Completed,$0.00,30.11.2017,$0,$0,0.000,0
https://www.icodata.io/coin/solomon-exchange,Solomon Exchange,Completed,$0.00,28.09.2017,$0,$0,0.000,0
https://www.icodata.io/coin/bitconscious,Bitconscious,Completed,$0.00,04.11.2017,$0,$0,0.000,0
https://www.icodata.io/coin/algo-land,Algo Land,Completed,$0.00,10.12.2017,$0,$0,0.000,0
https://www.icodata.io/coin/nousplatform,Nousplatform,Completed,"$509,460.00",25.12.2017,$0.12,$0,0.000,0
https://www.icodata.io/coin/adpump,AdPump,Completed,"$1,792,500.00",25.12.2017,$0,$0,0.000,0
https://www.icodata.io/coin/spark-coin,SPARK COIN,Completed,$0.00,31.12.2017,$0.48,$0,0.000,0
https://www.icodata.io/coin/HTH,Healthureum,Completed,$0.00,30.12.2017,$3.53,$0,0.000,0
https://www.icodata.io/coin/dimensions-network,Dimensions Network,Completed,$0.00,18.12.2017,$0,$0,0.000,0
https://www.icodata.io/coin/gomineworld,GoMineWorld,Completed,$0.00,07.11.2017,$0.24555,$0,0.000,0
https://www.icodata.io/coin/tokengo,TokenGo Pre-sale,Completed,"$872,696.00",10.01.2018,$0.69,$0,0.000,0
https://www.icodata.io/coin/peculium,PECULIUM,Completed,$0.00,21.12.2017,$0,$0,0.000,0
https://www.icodata.io/coin/spice-venture-capital,SPiCE Venture Capital,Completed,$0.00,31.12.2017,$1,$0,0.000,0
https://www.icodata.io/coin/zap-store,Zap Store,Completed,$0.00,20.11.2017,$0,$0,0.000,0
https://www.icodata.io/coin/traderstars,TraderStars,Completed,$0.00,21.12.2017,$0,$0,0.000,0
https://www.icodata.io/coin/clickle,Clickle,Completed,$0.00,23.12.2017,$0.24,$0,0.000,0
https://www.icodata.io/coin/atrix,Atrix,Completed,$0.00,20.12.2017,$0,$0,0.000,0
https://www.icodata.io/coin/kitex,Kitex,Completed,$0.00,11.11.2017,$0,$0,0.000,0
https://www.icodata.io/coin/langpie,LangPie,Completed,$0.00,25.11.2017,$0.1,$0,0.000,0
https://www.icodata.io/coin/anonym,Anonym,Completed,$0.00,31.12.2017,$1.5,$0,0.000,0
https://www.icodata.io/coin/shc,SmartHealthcareToday,Completed,$0.00,13.03.2017,$0,$0,0.000,0
https://www.icodata.io/coin/hashhive,HashHive,Completed,$0.00,19.12.2017,$0,$0,0.000,0
https://www.icodata.io/coin/clout,Clout,Completed,$0.00,17.12.2017,$0,$0,0.000,0
https://www.icodata.io/coin/zilliqa,ZILLIQA,Completed,$0.00,31.12.2017,$0,$0,0.000,76
